// Fixed timecycle (Original 24h Version) by Scooper.
///////////////////////////////////////////EXTRASUNNY_LA 
//
// Midnight 
//	Amb					Amb_Obj 				Dir 					Sky top				Sky bot				SunCore			SunCorona			SunSz		SprSz	SprBght		Shdw			LightShd			PoleShd			FarClp			FogSt			LightOnGround			LowCloudsRGB			BottomCloudRGB			WaterRGBA			Alpha1    RGB1			Alpha2    RGB2			CloudAlpha			IntensityLimit			WaterFogAlpha			DirMult 
	22 22 22 			220 212 130 			255 255 255 			0 23 24 			0 31 32 			255 128 0 			5 0 0 			0.8		0.8		0.3			200 100 0			400.0		100.0		0.8			30 20 0			3 3 3			85 85 65 240			252 87 87 87			252 60 121 122			0	90	0	1.00		
// 1AM 
	22 22 22 			214 208 132 			255 255 255 			0 22 23 			0 31 32 			255 128 0 			55 25 0 			0.8		0.8		0.3			190 100 0			400.0		100.0		0.8			31 17 2			7 8 9			78 88 72 240			252 85 85 85			252 60 134 135			0	90	0	1.00		
// 2AM 
	22 22 22 			209 204 134 			255 255 255 			0 21 22 			0 31 32 			255 128 0 			105 51 0 			0.6		0.8		0.3			180 100 0			400.0		100.0		0.8			32 15 4			12 13 16			72 92 80 240			252 84 84 84			252 60 148 149			0	90	0	1.00		
// 3AM 
	22 22 22 			204 201 137 			255 255 255 			0 21 21 			0 31 32 			255 128 0 			155 76 0 			0.3		0.8		0.1			170 100 0			400.0		100.0		0.8			33 13 6			17 19 22			65 96 88 240			252 82 82 82			252 60 162 162			0	90	0	1.00		
// 4AM 
	22 22 22 			199 197 139 			255 255 255 			0 20 20 			0 31 32 			255 128 0 			205 102 0 			0.1		0.8		0.1			160 100 0			400.0		100.0		0.8			34 11 8			22 24 29			59 100 96 240			252 81 81 81			252 60 176 176			0	90	0	1.00		
// 5AM 
	22 22 22 			194 194 142 			255 255 255 			17 21 32 			0 31 32 			255 128 0 			255 128 0 			-0.1		0.8		0.1			150 100 0			400.0		100.0		0.8			35 9 10			27 30 36			53 104 104 240			252 80 80 80			252 60 190 190			0	90	0	1.00		
// 6AM 
	22 22 22 			210 194 182 			255 255 255 			89 132 255 			200 144 85 			255 128 0 			255 128 0 			8.3		0.8		0.3			140 93 0			800.0		100.0		0.8			100 34 25			120 92 88			90 170 170 240			252 86 86 86			252 149 94 0			25	120	0	1.00		
// 7AM 
	5 0 0 			210 194 182 			255 255 255 			89 136 255 			89 150 255 			255 255 255 			255 255 255 			2.0		0.8		0.3			100 50 75			800.0		100.0		0.5			120 40 40			159 142 106			145 170 170 240			188 133 106 70			252 96 61 15			25	180	0	1.00		
// 8AM 
	6 0 0 			210 194 182 			255 255 255 			84 135 246 			118 154 245 			255 255 255 			255 255 255 			1.9		0.8		0.1			127 40 98			800.0		82.0		0.3			104 38 36			156 146 121			134 170 170 240			200 119 98 65			252 110 74 24			25	180	0	1.00		
// 9AM 
	7 0 0 			210 194 182 			255 255 255 			81 117 237 			117 150 222 			255 255 255 			255 255 255 			1.8		0.8		0.1			154 30 121			800.0		64.0		0.3			89 37 33			153 150 136			123 170 170 240			212 106 90 61			252 124 88 33			25	180	0	1.00		
// 10AM 
	8 0 0 			210 194 182 			255 255 255 			76 128 228 			116 141 221 			255 255 255 			255 255 255 			1.4		0.8		0.1			181 20 144			800.0		46.0		0.1			74 36 29			150 155 152			112 170 170 240			224 92 82 56			252 138 101 42			25	180	0	1.00		
// 11AM 
	9 0 0 			210 194 182 			255 255 255 			72 118 219 			123 146 180 			255 255 255 			255 255 255 			1.3		0.8		0.1			208 9 167			800.0		28.0		0.1			59 35 26			147 159 167			101 170 170 240			236 79 74 52			252 152 115 51			25	180	0	1.00		
// Midday 
//	Amb					Amb_Obj 				Dir 					Sky top				Sky bot				SunCore			SunCorona			SunSz		SprSz	SprBght		Shdw			LightShd			PoleShd			FarClp			FogSt			LightOnGround			LowCloudsRGB			BottomCloudRGB			WaterRGBA			Alpha1    RGB1			Alpha2    RGB2			CloudAlpha			IntensityLimit			WaterFogAlpha			DirMult 
	11 0 0 			210 194 182 			255 255 255 			68 117 210 			116 145 206 			255 255 255 			255 255 255 			1.1		0.8		-0.1			236 0 190			800.0		10.0		-0.1			44 34 23			145 164 183			90 170 170 240			252 66 66 48			252 166 129 60			25	180	0	1.00		
// 1PM 
	10 0 0 			216 202 182 			255 255 255 			68 117 210 			111 138 174 			250 231 218 			236 226 218 			1.4		0.8		-0.1			218 5 173			800.0		10.0		0.1			54 34 25			152 158 170			84 159 159 240			240 74 74 56			252 154 117 52			25	180	0	1.00		
// 2PM 
	10 1 1 			222 211 182 			255 255 255 			68 117 210 			117 147 186 			245 207 182 			217 197 182 			1.9		0.8		-0.1			200 11 157			800.0		10.0		0.1			65 35 27			160 152 158			78 149 149 240			228 82 82 64			252 143 106 45			25	180	0	1.00		
// 3PM 
	9 2 2 			229 220 182 			255 255 255 			68 116 210 			128 154 190 			240 183 145 			197 169 145 			2.3		0.8		-0.1			182 17 140			800.0		10.0		0.3			76 36 30			168 146 145			72 138 138 240			216 90 90 73			252 131 95 38			25	180	0	1.00		
// 4PM 
	9 2 2 			235 228 182 			255 255 255 			68 101 210 			121 151 183 			236 159 109 			179 140 109 			2.5		0.8		-0.1			164 22 124			800.0		10.0		0.5			87 37 32			176 140 133			67 128 128 240			204 99 99 81			252 120 83 31			25	180	0	1.00		
// 5PM 
	8 3 3 			242 237 182 			255 255 255 			68 117 210 			130 147 185 			231 135 72 			160 112 72 			3.0		0.8		-0.1			146 28 107			800.0		10.0		0.6			98 38 35			184 134 120			61 117 117 240			192 107 107 90			252 108 72 24			25	180	0	1.00		
// 6PM 
	8 4 4 			248 246 182 			255 255 255 			68 117 210 			145 157 211 			226 111 36 			141 83 36 			3.5		0.8		-0.1			128 34 91			800.0		10.0		0.7			109 39 37			192 128 108			55 107 107 240			180 115 115 98			252 97 61 17			25	180	0	1.00		
// 7PM 
	8 5 5 			255 255 182 			255 255 255 			68 117 210 			135 163 189 			222 88 0 			122 55 0 			3.9		0.8		-0.1			110 40 75			800.0		10.0		0.8			120 40 40			200 123 96			50 97 97 240			168 124 124 107			252 86 50 10			25	180	0	1.00		
// 8PM 
	25 14 14 			210 194 182 			255 255 255 			181 150 84 			167 108 65 			255 128 0 			255 128 0 			1.9		0.8		0.3			100 60 0			800.0		10.0		0.8			120 40 40			72 107 159			67 67 67 240			252 81 85 40			252 66 27 0			25	140	0	1.00		
// 9PM 
	23 17 17 			210 194 182 			255 255 255 			159 125 84 			113 79 58 			255 128 0 			130 68 0 			1.4		0.8		0.3			130 80 0			700.0		10.0		0.8			95 33 25			43 59 96			67 67 64 240			252 145 114 62			252 71 39 0			25	115	0	1.00		
// 10PM 
	21 20 20 			210 194 182 			255 255 255 			137 100 84 			60 50 52 			255 128 0 			5 8 0 			0.8		0.8		0.3			160 100 0			600.0		10.0		0.8			70 27 10			15 11 34			67 67 62 240			252 209 143 84			252 76 51 0			25	90	0	1.00		
// 11PM 
	21 21 21 			215 203 156 			255 255 255 			68 61 54 			30 32 42 			255 128 0 			5 4 0 			0.8		0.8		0.3			180 100 0			500.0		55.0		0.8			50 23 5			9 7 18			76 76 63 240			252 148 115 85			252 68 86 61			12	90	0	1.00		
//
///////////////////////////////////////////SUNNY_LA 
//
// Midnight 
//	Amb					Amb_Obj 				Dir 					Sky top				Sky bot				SunCore			SunCorona			SunSz		SprSz	SprBght		Shdw			LightShd			PoleShd			FarClp			FogSt			LightOnGround			LowCloudsRGB			BottomCloudRGB			WaterRGBA			Alpha1    RGB1			Alpha2    RGB2			CloudAlpha			IntensityLimit			WaterFogAlpha			DirMult 
	0 20 20 			210 194 182 			255 255 255 			5 12 15 			12 14 13 			255 128 0 			5 0 0 			0.8		0.3		0.3			200 100 0			800.0		100.0		0.8			0 0 0			3 3 3			85 85 65 240			252 110 126 210			80 0 81 104			55	220	0	1.00		
// 1AM 
	1 20 20 			210 194 182 			255 255 255 			4 9 13 			13 19 17 			255 128 0 			55 25 0 			0.8		0.3		0.5			190 100 0			800.0		100.0		0.8			0 0 0			5 5 6			73 78 62 240			252 108 127 213			40 0 81 102			62	220	0	1.00		
// 2AM 
	2 20 20 			210 194 182 			255 255 255 			3 7 11 			14 24 22 			255 128 0 			105 51 0 			0.6		0.3		0.6			180 100 0			800.0		100.0		0.8			0 0 0			7 7 9			61 71 59 240			252 106 128 216			0 1 82 100			69	220	0	1.00		
// 3AM 
	3 20 20 			210 194 182 			255 255 255 			2 4 10 			16 29 27 			255 128 0 			155 76 0 			0.3		0.3		0.6			170 100 0			800.0		100.0		0.8			0 0 0			9 10 12			49 64 57 240			252 105 129 220			216 2 83 98			76	220	0	1.00		
// 4AM 
	4 20 20 			210 194 182 			255 255 255 			0 2 8 			17 34 32 			255 128 0 			205 102 0 			0.1		0.3		0.7			160 100 0			800.0		100.0		0.8			0 0 0			11 12 15			37 57 54 240			252 103 130 223			176 3 84 96			83	220	0	1.00		
// 5AM 
	6 20 20 			210 194 182 			255 255 255 			45 48 61 			19 39 37 			255 128 0 			255 128 0 			-0.1		0.3		0.8			150 100 0			800.0		100.0		0.8			0 0 0			14 15 18			25 51 52 240			252 102 132 227			136 4 85 95			90	220	0	1.00		
// 6AM 
	22 17 8 			210 194 182 			255 255 255 			89 122 255 			200 144 85 			255 128 0 			255 128 0 			1.1		0.5		0.1			140 93 0			800.0		100.0		0.8			100 34 25			120 92 88			90 170 170 240			252 86 86 86			252 149 94 0			177	220	0	1.00		
// 7AM 
	12 4 0 			210 194 182 			255 255 255 			122 144 247 			134 162 244 			255 128 0 			255 128 0 			2.0		0.8		-0.1			211 0 149			800.0		100.0		0.5			120 40 40			159 142 106			145 170 170 240			252 57 72 115			228 123 70 14			177	220	0	1.00		
// 8AM 
	12 5 0 			210 194 182 			255 255 255 			87 102 219 			145 171 246 			241 137 0 			237 122 2 			1.9		0.8		-0.1			216 0 157			800.0		100.0		0.3			104 38 36			153 139 109			134 170 170 240			244 60 112 116			232 130 73 15			159	220	0	1.00		
// 9AM 
	12 6 0 			210 194 182 			255 255 255 			55 97 237 			124 145 243 			228 146 0 			220 116 5 			1.9		0.8		-0.1			221 0 165			800.0		100.0		0.3			89 37 33			147 136 112			123 170 170 240			240 62 114 117			236 137 77 16			141	220	0	1.00		
// 10AM 
	12 7 0 			210 194 182 			255 255 255 			54 94 219 			119 146 214 			215 156 0 			202 110 8 			1.9		0.8		-0.1			226 0 173			800.0		100.0		0.1			74 36 29			141 133 116			112 170 170 240			232 65 116 118			240 145 80 18			123	220	0	1.00		
// 11AM 
	12 8 0 			210 194 182 			255 255 255 			57 94 220 			110 140 206 			202 165 0 			185 104 11 			1.8		0.8		-0.1			231 0 181			800.0		100.0		0.1			59 35 26			135 130 119			101 170 170 240			228 67 118 119			244 152 84 19			105	220	0	1.00		
// Midday 
//	Amb					Amb_Obj 				Dir 					Sky top				Sky bot				SunCore			SunCorona			SunSz		SprSz	SprBght		Shdw			LightShd			PoleShd			FarClp			FogSt			LightOnGround			LowCloudsRGB			BottomCloudRGB			WaterRGBA			Alpha1    RGB1			Alpha2    RGB2			CloudAlpha			IntensityLimit			WaterFogAlpha			DirMult 
	12 10 0 			210 194 182 			255 255 255 			43 81 212 			103 135 196 			189 175 0 			168 98 14 			1.6		0.8		-0.1			236 0 190			800.0		100.0		-0.1			44 34 23			129 128 123			90 170 170 240			224 70 121 120			252 160 88 21			88	220	0	1.00		
// 1PM 
	12 10 0 			210 194 182 			255 255 255 			43 81 212 			97 127 214 			190 168 0 			180 102 12 			2.5		0.8		-0.1			218 5 173			800.0		100.0		0.1			54 34 25			132 131 127			84 159 159 240			216 72 121 119			252 153 84 19			88	220	0	1.00		
// 2PM 
	13 10 0 			210 194 182 			255 255 255 			46 93 209 			107 135 207 			191 161 0 			192 106 10 			3.4		0.8		-0.1			200 11 157			800.0		100.0		0.1			65 35 27			136 135 132			78 149 149 240			208 75 121 118			252 146 80 17			88	220	0	1.00		
// 3PM 
	13 10 0 			210 194 182 			255 255 255 			46 93 209 			119 136 182 			192 154 0 			205 110 8 			4.2		0.8		-0.1			182 17 140			800.0		100.0		0.3			76 36 30			140 139 136			72 138 138 240			200 78 121 117			252 140 76 16			88	220	0	1.00		
// 4PM 
	14 10 0 			210 194 182 			255 255 255 			55 90 208 			109 123 171 			194 148 0 			217 115 6 			5.0		0.8		-0.1			164 22 124			800.0		100.0		0.5			87 37 32			143 143 141			67 128 128 240			192 81 122 116			252 133 72 14			88	220	0	1.00		
// 5PM 
	14 10 0 			210 194 182 			255 255 255 			59 98 208 			124 134 193 			195 141 0 			230 119 4 			5.8		0.8		-0.1			146 28 107			800.0		100.0		0.6			98 38 35			147 147 145			61 117 117 240			184 84 122 115			252 127 68 13			88	220	0	1.00		
// 6PM 
	15 10 0 			210 194 182 			255 255 255 			66 95 208 			127 139 186 			196 134 0 			242 123 2 			6.7		0.8		-0.1			128 34 91			800.0		100.0		0.7			109 39 37			151 151 150			55 107 107 240			176 87 122 114			252 120 64 11			88	220	0	1.00		
// 7PM 
	16 10 0 			210 194 182 			255 255 255 			74 112 208 			130 158 185 			198 128 0 			255 128 0 			7.5		0.8		-0.1			110 40 75			800.0		100.0		0.8			120 40 40			155 155 155			50 97 97 240			168 90 123 113			252 114 61 10			88	220	0	1.00		
// 8PM 
	12 10 4 			210 194 182 			255 255 255 			181 150 84 			167 118 65 			255 128 0 			255 128 0 			1.9		0.8		0.1			100 60 0			800.0		43.0		0.8			0 0 0			163 83 63			67 67 67 240			252 129 93 71			252 66 27 0			177	220	0	1.00		
// 9PM 
	17 15 7 			210 194 182 			255 255 255 			176 146 86 			167 118 65 			255 128 0 			130 68 0 			1.4		0.7		0.3			130 80 0			800.0		42.0		0.8			35 13 5			109 69 59			67 67 64 240			252 129 46 35			252 66 66 0			144	140	0	1.00		
// 10PM 
	22 20 10 			210 194 182 			255 255 255 			172 143 88 			167 118 65 			255 128 0 			5 8 0 			0.8		0.3		0.3			160 100 0			800.0		41.0		0.8			70 27 10			55 55 55			67 67 62 240			252 129 0 0			252 66 106 0			111	60	0	1.00		
// 11PM 
	11 20 15 			210 194 182 			255 255 255 			88 77 51 			89 66 39 			255 128 0 			5 4 0 			0.8		0.3		0.3			180 100 0			800.0		70.0		0.8			35 13 5			29 29 29			76 76 63 240			252 119 63 105			164 33 93 52			83	140	0	1.00		
//
///////////////////////////////////////////EXTRASUNNY_SMOG_LA 
//
// Midnight 
//	Amb					Amb_Obj 				Dir 					Sky top				Sky bot				SunCore			SunCorona			SunSz		SprSz	SprBght		Shdw			LightShd			PoleShd			FarClp			FogSt			LightOnGround			LowCloudsRGB			BottomCloudRGB			WaterRGBA			Alpha1    RGB1			Alpha2    RGB2			CloudAlpha			IntensityLimit			WaterFogAlpha			DirMult 
	33 33 33 			249 244 235 			255 255 255 			19 14 19 			6 6 17 			255 128 0 			5 0 0 			0.8		0.3		0.8			200 102 0			800.0		100.0		0.8			30 20 0			3 3 3			85 85 65 240			252 50 61 114			252 14 46 55			25	80	0	1.00		
// 1AM 
	30 33 33 			241 234 224 			255 255 255 			18 14 19 			7 7 17 			255 128 0 			55 25 0 			0.8		0.3		0.8			190 101 0			800.0		90.0		0.8			31 17 2			7 8 9			78 88 72 240			252 58 66 114			252 18 44 50			25	80	0	1.00		
// 2AM 
	28 33 33 			233 224 213 			255 255 255 			17 14 20 			9 9 18 			255 128 0 			105 51 0 			0.6		0.3		0.8			180 101 0			800.0		80.0		0.8			32 15 4			12 13 16			72 92 80 240			252 67 72 114			252 22 43 45			25	80	0	1.00		
// 3AM 
	26 33 33 			225 214 203 			255 255 255 			17 15 20 			11 11 18 			255 128 0 			155 76 0 			0.3		0.3		0.8			170 100 0			800.0		70.0		0.8			33 13 6			17 19 22			65 96 88 240			252 75 78 114			252 26 42 40			25	80	0	1.00		
// 4AM 
	24 33 33 			217 204 192 			255 255 255 			16 15 21 			13 13 19 			255 128 0 			205 102 0 			0.1		0.3		0.8			160 100 0			800.0		60.0		0.8			34 11 8			22 24 29			59 100 96 240			252 84 84 114			252 30 41 35			25	80	0	1.00		
// 5AM 
	22 33 33 			210 194 182 			255 255 255 			16 16 22 			15 15 20 			255 128 0 			255 128 0 			-0.1		0.3		0.8			150 100 0			800.0		50.0		0.8			35 9 10			27 30 36			53 104 104 240			252 93 90 114			252 34 40 30			25	80	0	1.00		
// 6AM 
	20 16 16 			210 194 182 			255 255 255 			89 127 255 			200 144 85 			255 128 0 			255 128 0 			8.3		0.1		0.3			140 93 0			800.0		50.0		0.8			100 34 25			120 92 88			90 170 170 240			252 86 86 86			252 149 94 0			25	120	0	1.00		
// 7AM 
	11 7 1 			210 194 182 			255 255 255 			89 136 255 			114 142 166 			255 128 0 			255 128 0 			1.1		0.1		0.8			100 50 75			800.0		10.0		0.5			120 40 40			159 142 106			145 170 170 240			252 106 107 84			252 96 61 15			25	120	0	1.00		
// 8AM 
	11 7 1 			210 194 182 			255 255 255 			89 132 255 			117 148 169 			255 128 0 			255 128 0 			1.1		0.1		0.7			127 40 98			800.0		10.0		0.3			104 38 36			156 146 121			134 170 170 240			252 101 101 75			252 101 67 20			25	106	0	1.00		
// 9AM 
	12 7 1 			210 194 182 			255 255 255 			89 122 255 			120 148 172 			255 128 0 			255 128 0 			1.1		0.1		0.6			154 30 121			800.0		10.0		0.3			89 37 33			153 150 136			123 170 170 240			252 96 96 67			252 107 74 25			25	92	0	1.00		
// 10AM 
	12 7 1 			210 194 182 			255 255 255 			90 128 228 			123 140 175 			255 128 0 			255 128 0 			1.1		0.1		0.5			181 20 144			800.0		10.0		0.1			74 36 29			150 155 152			112 170 170 240			252 59 66 91			252 113 80 30			25	78	0	1.00		
// 11AM 
	13 7 1 			210 194 182 			255 255 255 			89 122 255 			124 141 178 			255 128 0 			255 128 0 			0.8		0.1		0.3			208 9 167			800.0		10.0		0.1			59 35 26			147 159 167			101 170 170 240			252 86 85 51			252 119 87 35			25	63	0	1.00		
// Midday 
//	Amb					Amb_Obj 				Dir 					Sky top				Sky bot				SunCore			SunCorona			SunSz		SprSz	SprBght		Shdw			LightShd			PoleShd			FarClp			FogSt			LightOnGround			LowCloudsRGB			BottomCloudRGB			WaterRGBA			Alpha1    RGB1			Alpha2    RGB2			CloudAlpha			IntensityLimit			WaterFogAlpha			DirMult 
	14 7 2 			210 194 182 			255 255 255 			89 122 255 			129 139 182 			255 128 0 			255 128 0 			0.8		0.1		0.3			236 0 190			800.0		10.0		-0.1			44 34 23			145 164 183			90 170 170 240			252 82 80 43			252 125 94 40			25	50	0	1.00		
// 1PM 
	13 7 2 			210 194 182 			255 255 255 			89 128 241 			123 138 182 			246 128 0 			255 128 0 			1.9		0.1		0.3			218 5 177			800.0		10.0		0.1			54 34 25			152 158 170			84 159 159 240			240 88 81 46			252 119 87 35			25	64	0	1.00		
// 2PM 
	12 7 2 			210 194 182 			255 255 255 			89 132 227 			117 146 182 			238 128 0 			255 128 0 			2.9		0.1		0.5			200 11 165			800.0		10.0		0.1			65 35 27			160 152 158			78 149 149 240			228 94 83 49			252 113 81 31			25	78	0	1.00		
// 3PM 
	12 8 3 			210 194 182 			255 255 255 			91 138 212 			112 146 182 			230 128 0 			254 128 0 			3.8		0.1		0.6			182 17 152			800.0		10.0		0.3			76 36 30			168 146 145			72 138 138 240			216 100 85 53			252 108 75 27			25	92	0	1.00		
// 4PM 
	11 8 3 			210 194 182 			255 255 255 			91 135 199 			106 145 182 			222 128 0 			255 128 0 			4.7		0.3		0.7			164 22 140			800.0		10.0		0.5			87 37 32			176 140 133			67 128 128 240			204 106 87 56			252 102 68 22			25	107	0	1.00		
// 5PM 
	11 9 4 			210 194 182 			255 255 255 			92 132 185 			101 145 182 			214 128 0 			255 128 0 			5.5		0.3		0.8			146 28 127			800.0		10.0		0.6			98 38 35			184 134 120			61 117 117 240			192 112 89 60			252 97 62 18			25	121	0	1.00		
// 6PM 
	10 9 4 			210 194 182 			255 255 255 			92 129 171 			95 144 182 			206 128 0 			255 128 0 			6.5		0.3		0.8			128 34 115			800.0		10.0		0.7			109 39 37			192 128 108			55 107 107 240			180 118 91 63			252 91 56 14			25	135	0	1.00		
// 7PM 
	10 10 5 			210 194 182 			255 255 255 			93 127 157 			90 144 182 			198 128 0 			255 128 0 			7.5		0.3		0.8			110 40 103			800.0		10.0		0.8			120 40 40			200 123 96			50 97 97 240			168 124 93 67			252 86 50 10			25	150	0	1.00		
// 8PM 
	10 5 5 			210 194 182 			255 255 255 			181 150 84 			167 118 65 			255 128 0 			255 128 0 			1.9		0.3		0.8			100 60 0			800.0		10.0		0.8			120 40 40			72 107 159			67 67 67 240			252 121 102 80			252 44 24 0			25	150	0	1.00		
// 9PM 
	16 8 10 			232 208 202 			255 255 255 			195 150 84 			167 118 65 			255 128 0 			130 68 0 			1.4		0.3		0.6			130 80 0			800.0		10.0		0.8			95 33 25			43 59 96			67 67 64 240			252 122 113 102			252 44 24 0			25	115	0	1.00		
// 10PM 
	22 12 15 			255 222 222 			255 255 255 			209 150 84 			167 118 65 			255 128 0 			5 8 0 			0.8		0.3		0.3			160 100 0			800.0		10.0		0.8			70 27 10			15 11 34			67 67 62 240			252 124 124 124			252 44 24 0			25	80	0	1.00		
// 11PM 
	27 22 24 			252 233 228 			255 255 255 			114 82 51 			86 62 41 			255 128 0 			5 4 0 			0.8		0.3		0.6			180 101 0			800.0		55.0		0.8			50 23 5			9 7 18			76 76 63 240			252 87 92 119			252 29 35 27			25	80	0	1.00		
//
///////////////////////////////////////////SUNNY_SMOG_LA 
//
// Midnight 
//	Amb					Amb_Obj 				Dir 					Sky top				Sky bot				SunCore			SunCorona			SunSz		SprSz	SprBght		Shdw			LightShd			PoleShd			FarClp			FogSt			LightOnGround			LowCloudsRGB			BottomCloudRGB			WaterRGBA			Alpha1    RGB1			Alpha2    RGB2			CloudAlpha			IntensityLimit			WaterFogAlpha			DirMult 
	33 33 33 			210 188 166 			255 255 255 			22 5 12 			13 13 31 			255 128 0 			5 0 0 			0.8		0.3		0.6			200 100 0			800.0		155.0		0.8			30 20 0			3 3 3			85 85 65 240			252 57 87 87			252 21 27 88			122	90	0	1.00		
// 1AM 
	33 33 33 			210 189 169 			255 255 255 			20 7 12 			13 13 28 			255 128 0 			55 25 0 			0.8		0.3		0.7			190 100 0			800.0		155.0		0.8			31 17 2			7 8 9			78 88 72 240			252 55 85 92			252 23 29 76			122	90	0	1.00		
// 2AM 
	33 33 33 			210 190 172 			255 255 255 			19 9 13 			13 13 26 			255 128 0 			105 51 0 			0.6		0.3		0.8			180 100 0			800.0		155.0		0.8			32 15 4			12 13 16			72 92 80 240			252 54 83 97			252 26 32 64			122	90	0	1.00		
// 3AM 
	33 33 33 			210 191 175 			255 255 255 			17 11 14 			13 13 24 			255 128 0 			155 76 0 			0.3		0.3		0.8			170 100 0			800.0		155.0		0.8			33 13 6			17 19 22			65 96 88 240			252 52 81 103			252 28 34 53			122	90	0	1.00		
// 4AM 
	33 33 33 			210 192 178 			255 255 255 			16 13 15 			13 13 22 			255 128 0 			205 102 0 			0.1		0.3		0.8			160 100 0			800.0		155.0		0.8			34 11 8			22 24 29			59 100 96 240			252 51 79 108			252 31 37 41			122	90	0	1.00		
// 5AM 
	33 33 33 			210 194 182 			255 255 255 			15 15 16 			14 14 20 			255 128 0 			255 128 0 			-0.1		0.3		0.8			150 100 0			800.0		155.0		0.8			35 9 10			27 30 36			53 104 104 240			252 50 78 114			252 34 40 30			122	90	0	1.00		
// 6AM 
	33 33 33 			210 194 182 			255 255 255 			89 122 255 			200 144 85 			255 128 0 			255 128 0 			8.3		0.3		0.8			140 93 0			800.0		100.0		0.8			100 34 25			120 92 88			90 170 170 240			252 86 86 86			252 149 94 0			122	120	0	1.00		
// 7AM 
	20 11 5 			210 194 182 			255 255 255 			89 122 255 			160 144 138 			255 128 0 			255 128 0 			1.1		0.1		0.1			236 50 75			800.0		100.0		0.5			120 40 40			159 142 106			145 170 170 240			252 106 106 106			252 96 61 15			122	180	0	1.00		
// 8AM 
	19 10 4 			210 194 182 			255 255 255 			87 116 252 			170 160 154 			255 128 0 			255 128 0 			1.4		0.3		0.1			236 40 98			800.0		96.0		0.3			104 38 36			156 146 121			134 170 170 240			252 110 109 106			252 96 63 14			122	180	0	1.00		
// 9AM 
	18 9 3 			210 194 182 			255 255 255 			84 122 250 			155 155 138 			255 128 0 			255 128 0 			1.6		0.5		0.1			236 30 121			800.0		92.0		0.3			89 37 33			153 150 136			123 170 170 240			252 114 112 107			252 97 66 13			122	180	0	1.00		
// 10AM 
	17 8 2 			210 194 182 			255 255 255 			83 111 247 			149 152 164 			255 128 0 			255 128 0 			1.9		0.7		0.1			236 20 144			800.0		88.0		0.1			74 36 29			150 155 152			112 170 170 240			252 118 116 108			252 97 68 12			122	180	0	1.00		
// 11AM 
	16 7 0 			210 194 182 			255 255 255 			81 109 245 			158 164 180 			255 128 0 			255 128 0 			2.0		0.8		0.1			236 9 167			800.0		84.0		0.1			59 35 26			147 159 167			101 170 170 240			252 122 119 109			252 98 71 11			122	180	0	1.00		
// Midday 
//	Amb					Amb_Obj 				Dir 					Sky top				Sky bot				SunCore			SunCorona			SunSz		SprSz	SprBght		Shdw			LightShd			PoleShd			FarClp			FogSt			LightOnGround			LowCloudsRGB			BottomCloudRGB			WaterRGBA			Alpha1    RGB1			Alpha2    RGB2			CloudAlpha			IntensityLimit			WaterFogAlpha			DirMult 
	15 7 0 			210 194 182 			255 255 255 			79 107 243 			143 157 175 			255 128 0 			255 128 0 			2.5		0.8		0.1			236 0 190			800.0		80.0		-0.1			44 34 23			145 164 183			90 170 170 240			252 127 123 110			252 99 74 10			122	180	0	1.00		
// 1PM 
	15 7 0 			210 194 182 			255 255 255 			82 108 230 			135 149 176 			255 117 0 			255 146 36 			2.8		0.8		0.1			234 5 173			800.0		70.0		0.1			54 34 25			152 158 170			84 159 159 240			240 126 123 109			252 97 70 10			122	180	0	1.00		
// 2PM 
	15 8 0 			210 194 182 			255 255 255 			86 120 218 			127 146 177 			255 107 0 			255 164 72 			3.0		0.8		0.1			232 11 157			800.0		60.0		0.1			65 35 27			160 152 158			78 149 149 240			228 126 123 109			252 95 67 10			122	180	0	1.00		
// 3PM 
	15 8 0 			210 194 182 			255 255 255 			91 114 206 			113 138 178 			254 96 0 			254 182 109 			3.3		0.7		0.1			230 17 140			800.0		50.0		0.3			76 36 30			168 146 145			72 138 138 240			216 125 123 108			252 93 63 10			122	180	0	1.00		
// 4PM 
	15 9 0 			210 194 182 			255 255 255 			96 129 193 			108 137 169 			255 86 0 			255 200 145 			3.5		0.6		0.3			228 22 124			800.0		40.0		0.5			87 37 32			176 140 133			67 128 128 240			204 125 123 108			252 91 60 10			122	180	0	1.00		
// 5PM 
	15 9 0 			210 194 182 			255 255 255 			100 130 181 			105 141 180 			255 75 0 			255 218 182 			3.8		0.5		0.3			226 28 107			800.0		30.0		0.6			98 38 35			184 134 120			61 117 117 240			192 124 123 107			252 89 56 10			122	180	0	1.00		
// 6PM 
	15 10 0 			210 194 182 			255 255 255 			103 129 169 			96 134 181 			255 65 0 			255 236 218 			4.0		0.3		0.3			224 34 91			800.0		20.0		0.7			109 39 37			192 128 108			55 107 107 240			180 124 123 107			252 87 53 10			122	180	0	1.00		
// 7PM 
	15 11 0 			210 194 182 			255 255 255 			109 124 157 			110 117 145 			255 55 0 			255 255 255 			4.3		0.3		0.3			222 40 75			800.0		10.0		0.8			120 40 40			200 123 96			50 97 97 240			168 124 124 107			252 86 50 10			122	180	0	1.00		
// 8PM 
	15 5 0 			210 194 182 			255 255 255 			181 150 84 			167 118 65 			255 128 0 			255 128 0 			1.9		0.3		0.7			100 60 0			800.0		10.0		0.8			120 40 40			72 107 159			67 67 67 240			252 121 93 71			252 44 24 0			122	120	0	1.00		
// 9PM 
	24 8 6 			210 194 182 			255 255 255 			181 150 84 			182 110 52 			255 128 0 			130 68 0 			1.4		0.3		0.6			130 80 0			800.0		10.0		0.8			95 33 25			43 59 96			67 67 64 240			252 119 108 77			252 55 25 0			122	105	0	1.00		
// 10PM 
	33 12 12 			210 194 182 			255 255 255 			181 150 84 			197 103 39 			255 128 0 			5 8 0 			0.8		0.3		0.6			160 100 0			800.0		10.0		0.8			70 27 10			15 11 34			67 67 62 240			252 117 124 83			252 66 27 0			122	90	0	1.00		
// 11PM 
	33 22 22 			210 191 174 			255 255 255 			101 77 48 			105 58 35 			255 128 0 			5 4 0 			0.8		0.3		0.6			180 100 0			800.0		82.0		0.8			50 23 5			9 7 18			76 76 63 240			252 87 105 85			252 43 27 44			122	90	0	1.00		
//
///////////////////////////////////////////CLOUDY_LA 
//
// Midnight 
//	Amb					Amb_Obj 				Dir 					Sky top				Sky bot				SunCore			SunCorona			SunSz		SprSz	SprBght		Shdw			LightShd			PoleShd			FarClp			FogSt			LightOnGround			LowCloudsRGB			BottomCloudRGB			WaterRGBA			Alpha1    RGB1			Alpha2    RGB2			CloudAlpha			IntensityLimit			WaterFogAlpha			DirMult 
	10 30 30 			157 176 208 			255 255 255 			10 10 10 			10 23 33 			10 10 0 			10 0 0 			0.8		0.8		0.1			200 100 0			700.0		79.0		0.8			30 20 0			23 28 30			55 55 66 240			252 124 124 124			252 45 49 32			155	51	0	1.00		
// 1AM 
	10 28 29 			157 175 206 			255 255 255 			10 10 10 			10 22 33 			10 10 0 			10 0 0 			0.8		0.8		0.1			200 100 0			700.0		58.0		0.8			38 21 2			23 28 30			55 55 66 240			252 115 116 117			252 55 63 49			155	60	0	1.00		
// 2AM 
	10 27 28 			158 174 205 			255 255 255 			10 10 10 			10 22 33 			10 10 0 			10 0 0 			0.8		0.8		0.1			200 100 0			700.0		38.0		0.8			46 22 4			23 28 30			55 55 66 240			252 106 108 110			252 66 77 67			155	70	0	1.00		
// 3AM 
	10 26 28 			158 173 204 			255 255 255 			10 10 10 			10 22 33 			10 10 0 			10 0 0 			0.8		0.8		0.1			200 100 0			700.0		18.0		0.8			54 24 6			23 28 30			55 55 66 240			252 97 100 104			252 76 91 84			155	80	0	1.00		
// 4AM 
	10 25 27 			159 172 203 			255 255 255 			10 10 10 			10 22 33 			10 10 0 			10 0 0 			0.8		0.8		0.1			200 100 0			700.0		-1.0		0.8			62 25 8			23 28 30			55 55 66 240			252 88 92 97			252 87 105 102			155	90	0	1.00		
// 5AM 
	10 24 27 			160 171 202 			255 255 255 			10 10 10 			10 22 33 			10 10 0 			10 0 0 			0.8		0.8		0.1			200 100 0			700.0		-22.0		0.8			70 27 10			23 28 30			55 55 66 240			252 80 85 91			252 98 120 120			155	100	0	1.00		
// 6AM 
	16 31 31 			163 187 192 			255 255 255 			22 22 22 			15 25 27 			0 0 0 			0 0 0 			3.4		0.8		0.1			200 100 0			700.0		90.0		0.8			100 34 25			23 28 30			77 77 88 240			252 63 80 80			252 122 122 90			155	180	0	1.00		
// 7AM 
	22 22 22 			190 176 169 			255 255 255 			125 145 151 			125 145 151 			0 0 0 			0 0 0 			-0.1		0.7		0.1			80 50 0			700.0		-22.0		0.5			120 40 40			92 116 125			77 77 88 240			252 124 124 124			252 45 28 12			155	180	0	1.00		
// 8AM 
	22 22 22 			190 176 169 			255 255 255 			125 145 151 			125 145 151 			2 2 0 			2 0 0 			0.6		0.7		0.1			80 40 24			700.0		-22.0		0.5			120 52 52			92 116 124			86 86 95 240			252 115 115 115			252 60 46 34			155	180	0	1.00		
// 9AM 
	22 22 22 			190 176 169 			255 255 255 			125 145 151 			125 145 151 			4 4 0 			4 0 0 			1.1		0.6		0.1			80 30 48			700.0		-22.0		0.3			120 64 64			92 116 124			96 96 102 240			252 106 106 106			252 75 65 56			155	180	0	1.00		
// 10AM 
	22 22 22 			190 176 169 			255 255 255 			125 145 151 			125 145 151 			6 6 0 			6 0 0 			1.6		0.6		0.1			80 20 72			700.0		-22.0		0.3			120 76 76			92 116 123			105 105 110 240			252 97 97 97			252 91 84 78			155	180	0	1.00		
// 11AM 
	22 22 22 			190 176 169 			255 255 255 			125 145 151 			125 145 151 			8 8 0 			8 0 0 			2.0		0.5		0.1			80 9 96			700.0		-22.0		0.3			120 88 88			92 116 123			115 115 117 240			252 88 88 88			252 106 103 100			155	180	0	1.00		
// Midday 
//	Amb					Amb_Obj 				Dir 					Sky top				Sky bot				SunCore			SunCorona			SunSz		SprSz	SprBght		Shdw			LightShd			PoleShd			FarClp			FogSt			LightOnGround			LowCloudsRGB			BottomCloudRGB			WaterRGBA			Alpha1    RGB1			Alpha2    RGB2			CloudAlpha			IntensityLimit			WaterFogAlpha			DirMult 
	22 22 22 			190 176 169 			255 255 255 			125 145 151 			125 145 151 			10 10 0 			10 0 0 			2.8		0.5		0.1			80 0 120			700.0		-22.0		0.3			120 100 100			92 116 123			125 125 125 240			252 80 80 80			252 122 122 122			155	180	0	1.00		
// 1PM 
	22 22 22 			190 176 169 			255 255 255 			125 145 151 			125 145 151 			8 8 0 			8 0 0 			2.9		0.6		0.1			80 0 102			700.0		-22.0		0.3			120 100 100			92 116 123			124 125 126 240			252 74 74 74			252 122 122 122			155	180	0	1.00		
// 2PM 
	22 22 22 			190 176 169 			255 255 255 			125 145 151 			125 145 151 			7 7 0 			7 0 0 			3.0		0.6		0.1			80 0 85			700.0		-22.0		0.3			120 100 100			92 116 123			124 125 127 240			252 69 69 69			252 122 122 122			155	180	0	1.00		
// 3PM 
	22 22 22 			190 176 169 			255 255 255 			125 145 151 			125 145 151 			5 5 0 			5 0 0 			3.0		0.7		0.1			80 0 68			700.0		-22.0		0.5			120 100 100			92 115 122			124 126 128 240			252 64 64 64			252 122 122 122			155	180	0	1.00		
// 4PM 
	22 22 22 			190 176 169 			255 255 255 			125 145 151 			125 145 151 			4 4 0 			4 0 0 			3.0		0.8		0.1			80 0 51			700.0		-22.0		0.6			120 100 100			92 116 123			123 126 130 240			252 59 59 59			252 122 122 122			155	180	0	1.00		
// 5PM 
	22 22 22 			190 176 169 			255 255 255 			125 145 151 			125 145 151 			2 2 0 			2 0 0 			3.3		0.8		0.1			80 0 34			700.0		-22.0		0.7			120 100 100			92 116 123			123 127 131 240			252 54 54 54			252 122 122 122			155	180	0	1.00		
// 6PM 
	22 22 22 			190 176 169 			255 255 255 			125 145 151 			125 145 151 			1 1 0 			1 0 0 			3.4		0.8		0.1			80 0 17			700.0		-22.0		0.7			120 100 100			92 116 123			123 127 132 240			252 49 49 49			252 122 122 122			155	180	0	1.00		
// 7PM 
	22 22 22 			190 176 169 			255 255 255 			125 145 151 			125 145 151 			0 0 0 			0 0 0 			3.5		0.8		0.1			80 0 0			700.0		-22.0		0.8			120 100 100			92 116 123			123 128 134 240			252 44 44 44			252 122 122 122			155	180	0	1.00		
// 8PM 
	22 22 22 			190 176 169 			255 255 255 			34 56 62 			62 72 75 			0 0 0 			0 0 0 			-0.1		0.8		0.1			80 50 0			700.0		-22.0		0.8			120 100 100			46 58 61			122 126 134 240			252 90 90 90			252 90 122 122			155	180	0	1.00		
// 9PM 
	23 25 21 			206 188 184 			255 255 255 			24 35 41 			41 47 48 			5 5 0 			5 0 0 			0.5		0.8		0.3			140 75 0			700.0		44.0		0.8			95 63 55			34 43 45			66 98 97 240			252 77 77 95			252 79 96 104			155	100	0	1.00		
// 10PM 
	24 28 20 			222 200 200 			255 255 255 			15 15 20 			20 22 22 			10 10 0 			10 0 0 			0.8		0.8		0.3			200 100 0			700.0		111.0		0.8			70 27 10			23 28 30			10 70 60 240			252 64 64 100			252 69 70 87			155	20	0	1.00		
// 11PM 
	17 29 25 			189 188 204 			255 255 255 			12 12 15 			15 22 27 			10 10 0 			10 0 0 			0.8		0.8		0.3			200 100 0			700.0		95.0		0.8			50 23 5			23 28 30			32 62 63 240			252 94 94 112			252 57 59 59			155	35	0	1.00		
//
///////////////////////////////////////////SUNNY_SF 
//
// Midnight 
//	Amb					Amb_Obj 				Dir 					Sky top				Sky bot				SunCore			SunCorona			SunSz		SprSz	SprBght		Shdw			LightShd			PoleShd			FarClp			FogSt			LightOnGround			LowCloudsRGB			BottomCloudRGB			WaterRGBA			Alpha1    RGB1			Alpha2    RGB2			CloudAlpha			IntensityLimit			WaterFogAlpha			DirMult 
	20 30 30 			133 133 133 			255 255 255 			0 8 12 			10 36 65 			255 128 0 			5 0 0 			0.8		0.5		0.3			200 100 0			450.0		100.0		0.8			30 20 0			3 3 3			19 40 52 240			252 66 66 66			252 88 56 28			50	120	0	1.00		
// 1AM 
	20 30 30 			135 135 135 			255 255 255 			3 10 16 			8 35 65 			255 128 0 			55 0 0 			0.8		0.5		0.5			190 100 0			450.0		100.0		0.8			38 21 2			12 11 9			19 40 52 240			252 66 72 66			252 88 54 27			50	120	0	1.00		
// 2AM 
	20 30 30 			137 137 137 			255 255 255 			6 13 20 			7 34 65 			255 128 0 			105 0 0 			0.6		0.3		0.6			180 100 0			451.0		100.0		0.8			46 22 4			21 19 16			19 40 53 240			252 66 79 66			252 88 52 26			50	120	0	1.00		
// 3AM 
	20 30 30 			139 139 139 			255 255 255 			9 16 24 			6 33 65 			255 128 0 			155 0 0 			0.3		0.3		0.8			170 100 0			452.0		100.0		0.8			54 24 6			31 27 22			20 40 54 240			252 66 85 66			252 88 50 25			50	120	0	1.00		
// 4AM 
	20 30 30 			141 141 141 			255 255 255 			12 19 28 			5 32 65 			255 128 0 			205 0 0 			0.1		0.3		0.8			160 100 0			453.0		100.0		0.8			62 25 8			40 35 29			20 40 55 240			252 66 92 66			252 88 48 24			50	120	0	1.00		
// 5AM 
	20 30 30 			143 143 143 			255 255 255 			20 25 36 			4 32 66 			255 128 0 			255 0 0 			-0.1		0.3		0.8			150 100 0			454.0		100.0		0.8			70 27 10			50 43 36			21 41 56 240			252 66 99 66			252 88 47 23			50	120	0	1.00		
// 6AM 
	30 30 30 			188 188 188 			255 255 255 			87 120 249 			200 144 85 			255 128 0 			255 128 0 			3.0		0.1		0.8			140 100 0			455.0		66.0		0.8			100 34 25			120 92 88			178 160 160 200			252 124 124 124			252 45 47 23			50	120	70	1.00		
// 7AM 
	24 26 30 			188 188 188 			255 255 255 			89 122 255 			187 146 116 			255 128 0 			255 0 0 			3.3		0.8		0.1			100 50 0			455.0		66.0		0.5			120 40 40			159 142 106			145 170 170 240			252 55 62 64			252 66 66 80			50	120	0	1.00		
// 8AM 
	25 26 30 			188 188 188 			255 255 255 			89 127 255 			167 156 143 			255 128 0 			255 25 0 			3.0		0.8		0.1			110 40 30			455.0		66.0		0.6			120 52 52			163 164 135			134 170 170 240			252 52 68 69			252 61 66 71			50	120	0	1.00		
// 9AM 
	26 27 30 			188 188 188 			255 255 255 			89 122 255 			148 155 171 			255 128 0 			255 51 0 			3.0		0.8		0.1			120 30 60			455.0		66.0		0.7			120 64 64			167 187 165			123 170 170 240			252 50 74 74			252 57 66 62			50	120	0	1.00		
// 10AM 
	27 28 30 			188 188 188 			255 255 255 			89 122 255 			128 142 199 			255 128 0 			255 76 0 			2.8		0.8		0.1			130 20 90			455.0		66.0		0.8			120 76 76			171 209 195			112 170 170 240			252 48 81 79			252 53 66 53			50	120	0	1.00		
// 11AM 
	28 29 30 			188 188 188 			255 255 255 			89 109 255 			109 136 227 			255 128 0 			255 102 0 			2.5		0.8		0.1			140 9 120			455.0		66.0		0.8			120 88 88			175 232 225			101 170 170 240			252 46 87 84			252 49 66 44			50	120	0	1.00		
// Midday 
//	Amb					Amb_Obj 				Dir 					Sky top				Sky bot				SunCore			SunCorona			SunSz		SprSz	SprBght		Shdw			LightShd			PoleShd			FarClp			FogSt			LightOnGround			LowCloudsRGB			BottomCloudRGB			WaterRGBA			Alpha1    RGB1			Alpha2    RGB2			CloudAlpha			IntensityLimit			WaterFogAlpha			DirMult 
	30 30 30 			188 188 188 			255 255 255 			89 109 255 			118 127 170 			255 128 0 			255 128 0 			2.5		0.8		0.1			150 0 150			455.0		66.0		0.8			120 100 100			180 255 255			90 170 170 240			252 55 92 88			252 51 66 44			50	120	0	1.00		
// 1PM 
	30 30 30 			184 184 184 			255 255 255 			91 109 241 			107 119 220 			255 109 0 			255 109 0 			2.5		0.8		0.1			144 5 128			455.0		66.0		0.8			120 91 91			182 236 232			91 159 158 240			252 62 96 93			252 52 65 44			50	120	0	1.00		
// 2PM 
	30 30 30 			180 180 180 			255 255 255 			95 114 227 			107 119 220 			255 91 0 			255 91 0 			2.5		0.8		0.1			138 11 107			455.0		66.0		0.8			120 82 82			185 217 209			93 148 146 240			252 55 92 89			252 56 68 45			50	120	0	1.00		
// 3PM 
	30 30 30 			177 177 177 			255 255 255 			98 121 212 			120 127 151 			254 73 0 			254 73 0 			2.8		0.8		0.1			132 17 85			455.0		66.0		0.8			120 74 74			188 198 186			95 137 134 240			252 39 96 93			252 54 66 39			50	120	0	1.00		
// 4PM 
	30 30 30 			173 173 173 			255 255 255 			100 114 199 			119 128 164 			255 54 0 			255 54 0 			3.0		0.8		0.1			127 22 64			455.0		66.0		0.8			120 65 65			191 179 164			97 127 122 240			252 37 96 94			252 57 66 40			50	120	0	1.00		
// 5PM 
	30 30 30 			170 170 170 			255 255 255 			103 122 185 			105 127 183 			255 36 0 			255 36 0 			3.0		0.8		0.1			121 28 42			455.0		66.0		0.8			120 57 57			194 160 141			99 116 110 240			252 36 97 96			252 60 66 41			50	120	0	1.00		
// 6PM 
	30 30 30 			166 166 166 			255 255 255 			106 119 171 			108 125 169 			255 18 0 			255 18 0 			3.0		0.8		0.1			115 34 21			455.0		66.0		0.8			120 48 48			197 141 118			101 105 98 240			252 34 98 97			252 63 66 42			50	120	0	1.00		
// 7PM 
	30 30 30 			163 163 163 			255 255 255 			109 122 157 			131 140 154 			255 0 0 			255 0 0 			3.3		0.8		0.1			110 40 0			455.0		66.0		0.8			120 40 40			200 123 96			103 95 87 240			252 33 99 99			252 66 66 44			50	120	0	1.00		
// 8PM 
	30 30 30 			163 163 163 			255 255 255 			109 142 189 			165 155 130 			255 128 0 			155 0 0 			1.9		0.6		0.3			100 60 0			455.0		66.0		0.8			120 40 40			0 0 0			67 67 67 240			252 124 66 44			252 66 55 23			50	120	0	1.00		
// 9PM 
	21 21 30 			163 163 163 			255 255 255 			64 78 117 			89 99 97 			255 66 4 			80 4 0 			1.4		0.6		0.3			130 80 0			455.0		66.0		0.8			95 33 25			0 0 0			55 70 81 240			252 124 95 84			252 55 51 23			50	116	0	1.00		
// 10PM 
	13 13 30 			163 163 163 			255 255 255 			26 23 45 			26 36 60 			255 5 8 			5 8 0 			0.8		0.5		0.5			160 100 0			455.0		66.0		0.8			70 27 10			0 0 0			44 73 96 240			252 124 124 124			252 45 47 23			50	112	0	1.00		
// 11PM 
	16 21 30 			148 148 148 			255 255 255 			10 11 28 			11 40 65 			255 66 4 			5 4 0 			0.8		0.5		0.3			180 100 0			452.0		83.0		0.8			50 23 5			1 1 1			31 56 74 240			252 95 95 95			252 66 51 25			50	116	0	1.00		
//
///////////////////////////////////////////EXTRASUNNY_SF 
//
// Midnight 
//	Amb					Amb_Obj 				Dir 					Sky top				Sky bot				SunCore			SunCorona			SunSz		SprSz	SprBght		Shdw			LightShd			PoleShd			FarClp			FogSt			LightOnGround			LowCloudsRGB			BottomCloudRGB			WaterRGBA			Alpha1    RGB1			Alpha2    RGB2			CloudAlpha			IntensityLimit			WaterFogAlpha			DirMult 
	20 30 30 			133 133 133 			255 255 255 			10 36 65 			10 36 65 			255 128 0 			5 0 0 			0.8		0.5		0.3			200 100 0			450.0		100.0		0.8			30 20 0			3 3 3			19 40 52 240			252 66 66 66			252 88 56 28			0	120	0	1.00		
// 1AM 
	20 30 30 			135 135 135 			255 255 255 			8 35 65 			8 35 65 			255 128 0 			55 0 0 			0.8		0.5		0.5			190 100 0			450.0		100.0		0.8			38 21 2			12 11 9			19 40 52 240			252 66 72 66			252 88 54 27			0	120	0	1.00		
// 2AM 
	20 30 30 			137 137 137 			255 255 255 			7 34 65 			7 34 65 			255 128 0 			105 0 0 			0.6		0.3		0.6			180 100 0			451.0		100.0		0.8			46 22 4			21 19 16			19 40 53 240			252 66 79 66			252 88 52 26			0	120	0	1.00		
// 3AM 
	20 30 30 			139 139 139 			255 255 255 			6 33 65 			6 33 65 			255 128 0 			155 0 0 			0.3		0.3		0.8			170 100 0			452.0		100.0		0.8			54 24 6			31 27 22			20 40 54 240			252 66 85 66			252 88 50 25			0	120	0	1.00		
// 4AM 
	20 30 30 			141 141 141 			255 255 255 			5 32 65 			5 32 65 			255 128 0 			205 0 0 			0.1		0.3		0.8			160 100 0			453.0		100.0		0.8			62 25 8			40 35 29			20 40 55 240			252 66 92 66			252 88 48 24			0	120	0	1.00		
// 5AM 
	20 30 30 			143 143 143 			255 255 255 			4 32 66 			4 32 66 			255 128 0 			255 0 0 			-0.1		0.3		0.8			150 100 0			454.0		100.0		0.8			70 27 10			50 43 36			21 41 56 240			252 66 99 66			252 88 47 23			0	120	0	1.00		
// 6AM 
	16 20 27 			188 188 188 			255 255 255 			155 155 155 			198 124 85 			255 128 0 			255 128 0 			2.5		0.1		0.1			140 100 0			455.0		66.0		0.8			100 34 25			120 92 88			178 160 160 200			252 86 86 86			252 166 94 0			0	120	0	1.00		
// 7AM 
	12 0 0 			188 188 188 			255 255 255 			155 155 155 			198 124 85 			255 128 0 			255 0 0 			1.6		0.8		0.1			100 50 0			455.0		66.0		0.5			120 40 40			159 142 106			145 170 170 240			252 86 86 86			252 166 94 0			0	120	0	1.00		
// 8AM 
	15 6 6 			188 188 188 			255 255 255 			142 148 175 			176 139 119 			255 128 0 			255 25 0 			1.9		0.8		0.1			110 40 30			455.0		66.0		0.6			120 52 52			163 164 135			134 170 170 240			252 77 87 86			252 141 88 7			0	120	0	1.00		
// 9AM 
	19 12 12 			188 188 188 			255 255 255 			129 142 195 			154 154 153 			255 128 0 			255 51 0 			1.9		0.8		0.1			120 30 60			455.0		66.0		0.7			120 64 64			167 187 165			123 170 170 240			252 69 89 87			252 117 82 14			0	120	0	1.00		
// 10AM 
	22 18 18 			188 188 188 			255 255 255 			116 136 215 			133 145 187 			255 128 0 			255 76 0 			2.0		0.8		0.1			130 20 90			455.0		66.0		0.8			120 76 76			171 209 195			112 170 170 240			252 60 90 87			252 93 77 21			0	120	0	1.00		
// 11AM 
	26 24 24 			188 188 188 			255 255 255 			103 130 235 			111 142 221 			255 128 0 			255 102 0 			2.3		0.8		0.1			140 9 120			455.0		66.0		0.8			120 88 88			175 232 225			101 170 170 240			252 52 92 88			252 69 71 28			0	120	0	1.00		
// Midday 
//	Amb					Amb_Obj 				Dir 					Sky top				Sky bot				SunCore			SunCorona			SunSz		SprSz	SprBght		Shdw			LightShd			PoleShd			FarClp			FogSt			LightOnGround			LowCloudsRGB			BottomCloudRGB			WaterRGBA			Alpha1    RGB1			Alpha2    RGB2			CloudAlpha			IntensityLimit			WaterFogAlpha			DirMult 
	30 30 30 			188 188 188 			255 255 255 			89 99 255 			135 144 181 			255 128 0 			255 128 0 			2.5		0.8		0.1			150 0 150			455.0		66.0		0.8			120 100 100			180 255 255			90 170 170 240			252 44 94 89			252 45 66 36			0	120	0	1.00		
// 1PM 
	30 30 30 			184 184 184 			255 255 255 			91 113 241 			132 145 202 			255 109 0 			255 109 0 			2.5		0.8		0.1			144 5 128			455.0		66.0		0.8			120 91 91			182 236 232			91 159 158 240			252 42 94 90			252 48 66 37			0	120	0	1.00		
// 2PM 
	30 30 30 			180 180 180 			255 255 255 			95 118 227 			138 155 198 			255 91 0 			255 91 0 			2.5		0.8		0.1			138 11 107			455.0		66.0		0.8			120 82 82			185 217 209			93 148 146 240			252 40 95 91			252 51 66 38			0	120	0	1.00		
// 3PM 
	30 30 30 			177 177 177 			255 255 255 			98 118 212 			135 154 209 			254 73 0 			254 73 0 			2.8		0.8		0.1			132 17 85			455.0		66.0		0.8			120 74 74			188 198 186			95 137 134 240			252 39 96 93			252 54 66 39			0	120	0	1.00		
// 4PM 
	30 30 30 			173 173 173 			255 255 255 			100 123 199 			115 143 193 			255 54 0 			255 54 0 			3.0		0.8		0.1			127 22 64			455.0		66.0		0.8			120 65 65			191 179 164			97 127 122 240			252 37 96 94			252 57 66 40			0	120	0	1.00		
// 5PM 
	30 30 30 			170 170 170 			255 255 255 			103 126 185 			105 131 183 			255 36 0 			255 36 0 			3.0		0.8		0.1			121 28 42			455.0		66.0		0.8			120 57 57			194 160 141			99 116 110 240			252 36 97 96			252 60 66 41			0	120	0	1.00		
// 6PM 
	30 30 30 			166 166 166 			255 255 255 			106 115 171 			108 118 169 			255 18 0 			255 18 0 			3.0		0.8		0.1			115 34 21			455.0		66.0		0.8			120 48 48			197 141 118			101 105 98 240			252 34 98 97			252 63 66 42			0	120	0	1.00		
// 7PM 
	30 30 30 			163 163 163 			255 255 255 			109 121 157 			111 124 155 			255 0 0 			255 0 0 			3.3		0.8		0.1			110 40 0			455.0		66.0		0.8			120 40 40			200 123 96			103 95 87 240			252 33 99 99			252 66 66 44			0	120	0	1.00		
// 8PM 
	30 30 30 			163 163 163 			255 255 255 			109 142 189 			165 155 130 			255 128 0 			155 0 0 			1.9		0.6		0.3			100 60 0			455.0		66.0		0.8			120 40 40			0 0 0			67 67 67 240			252 124 66 44			252 66 55 23			0	120	0	1.00		
// 9PM 
	21 21 30 			152 152 152 			255 255 255 			57 83 117 			89 99 97 			255 66 4 			80 4 0 			1.4		0.6		0.3			130 80 0			455.0		66.0		0.8			95 33 25			0 0 0			55 70 81 240			252 124 95 84			252 55 51 23			0	116	0	1.00		
// 10PM 
	13 13 30 			141 141 141 			255 255 255 			5 25 45 			13 44 65 			255 5 8 			5 8 0 			0.8		0.5		0.5			160 100 0			455.0		66.0		0.8			70 27 10			0 0 0			44 73 96 240			252 124 124 124			252 45 47 23			0	112	0	1.00		
// 11PM 
	16 21 30 			137 137 137 			255 255 255 			7 30 55 			11 40 65 			255 66 4 			5 4 0 			0.8		0.5		0.3			180 100 0			452.0		83.0		0.8			50 23 5			1 1 1			31 56 74 240			252 95 95 95			252 66 51 25			0	116	0	1.00		
//
///////////////////////////////////////////CLOUDY_SF 
//
// Midnight 
//	Amb					Amb_Obj 				Dir 					Sky top				Sky bot				SunCore			SunCorona			SunSz		SprSz	SprBght		Shdw			LightShd			PoleShd			FarClp			FogSt			LightOnGround			LowCloudsRGB			BottomCloudRGB			WaterRGBA			Alpha1    RGB1			Alpha2    RGB2			CloudAlpha			IntensityLimit			WaterFogAlpha			DirMult 
	30 30 30 			108 108 101 			255 255 255 			11 11 11 			11 11 11 			10 10 0 			10 0 0 			0.8		0.8		0.8			200 100 0			1150.0		-22.0		0.8			30 20 0			23 28 30			55 55 66 240			252 64 64 12			252 88 66 66			155	0	0	1.00		
// 1AM 
	30 28 30 			108 108 101 			255 255 255 			11 11 11 			11 11 11 			10 10 0 			10 0 0 			0.8		0.8		0.8			200 100 0			1150.0		-22.0		0.8			38 21 2			23 28 30			55 55 66 240			252 66 64 20			252 87 67 66			155	0	0	1.00		
// 2AM 
	30 26 30 			108 108 101 			255 255 255 			12 12 12 			12 12 12 			10 10 0 			10 0 0 			0.6		0.8		0.8			200 100 0			1150.0		-22.0		0.8			46 22 4			23 28 30			55 55 66 240			252 69 65 28			252 86 68 66			155	0	0	1.00		
// 3AM 
	30 25 30 			108 108 101 			255 255 255 			12 12 12 			12 12 12 			10 10 0 			10 0 0 			0.3		0.8		0.8			200 100 0			1150.0		-22.0		0.8			54 24 6			23 28 30			55 55 66 240			252 71 65 36			252 86 69 66			155	0	0	1.00		
// 4AM 
	30 23 30 			108 108 101 			255 255 255 			13 13 13 			13 13 13 			10 10 0 			10 0 0 			0.1		0.8		0.8			200 100 0			1150.0		-22.0		0.8			62 25 8			23 28 30			55 55 66 240			252 74 66 44			252 85 70 66			155	0	0	1.00		
// 5AM 
	30 22 30 			108 108 101 			255 255 255 			14 14 14 			14 14 14 			10 10 0 			10 0 0 			-0.1		0.8		0.8			200 100 0			1150.0		-22.0		0.8			70 27 10			23 28 30			55 55 66 240			252 77 67 52			252 85 72 66			155	0	0	1.00		
// 6AM 
	30 30 30 			153 153 153 			255 255 255 			41 46 47 			31 36 37 			10 10 0 			10 0 0 			3.4		0.8		0.8			200 100 0			1150.0		-22.0		0.8			100 34 25			23 28 30			77 77 88 240			252 64 64 64			252 77 77 77			155	0	100	1.00		
// 7AM 
	5 5 12 			153 153 153 			255 255 255 			62 72 75 			62 72 75 			10 10 0 			10 0 0 			-0.1		0.7		0.8			200 50 0			1150.0		-22.0		0.5			120 40 40			46 58 61			77 77 88 240			252 124 124 124			252 48 48 48			155	0	0	1.00		
// 8AM 
	5 5 12 			146 147 147 			255 255 255 			74 86 90 			74 86 90 			10 10 0 			10 0 0 			0.6		0.7		0.8			176 40 24			1150.0		-22.0		0.5			120 52 52			55 69 73			86 86 95 240			252 124 124 124			252 48 48 48			155	0	0	1.00		
// 9AM 
	5 5 12 			140 141 141 			255 255 255 			87 101 105 			87 101 105 			10 10 0 			10 0 0 			1.1		0.6		0.8			152 30 48			1150.0		-22.0		0.3			120 64 64			64 81 85			96 96 102 240			252 124 124 124			252 48 48 48			155	0	0	1.00		
// 10AM 
	5 5 12 			134 135 135 			255 255 255 			99 115 120 			99 115 120 			10 10 0 			10 0 0 			1.6		0.6		0.7			128 20 72			1150.0		-22.0		0.3			120 76 76			73 92 98			105 105 110 240			252 124 124 124			252 48 48 48			155	0	0	1.00		
// 11AM 
	5 5 12 			128 129 129 			255 255 255 			112 130 135 			112 130 135 			10 10 0 			10 0 0 			2.0		0.5		0.7			104 9 96			1150.0		-22.0		0.3			120 88 88			82 104 110			115 115 117 240			252 124 124 124			252 48 48 48			155	0	0	1.00		
// Midday 
//	Amb					Amb_Obj 				Dir 					Sky top				Sky bot				SunCore			SunCorona			SunSz		SprSz	SprBght		Shdw			LightShd			PoleShd			FarClp			FogSt			LightOnGround			LowCloudsRGB			BottomCloudRGB			WaterRGBA			Alpha1    RGB1			Alpha2    RGB2			CloudAlpha			IntensityLimit			WaterFogAlpha			DirMult 
	5 5 12 			122 123 123 			255 255 255 			125 145 151 			125 145 151 			10 10 0 			10 0 0 			2.8		0.5		0.7			80 0 120			1150.0		-22.0		0.3			120 100 100			92 116 123			125 125 125 240			252 124 124 124			252 48 48 48			155	0	0	1.00		
// 1PM 
	5 8 14 			122 123 123 			255 255 255 			116 134 140 			116 134 140 			10 10 0 			10 0 0 			2.9		0.6		0.7			80 0 102			1150.0		-22.0		0.3			120 100 100			85 107 114			124 125 126 240			252 124 124 124			252 48 48 48			155	0	0	1.00		
// 2PM 
	5 12 17 			122 123 123 			255 255 255 			107 124 129 			107 124 129 			10 10 0 			10 0 0 			3.0		0.6		0.8			80 0 85			1150.0		-22.0		0.3			120 100 100			78 99 105			124 125 127 240			252 124 124 124			252 48 48 48			155	0	0	1.00		
// 3PM 
	5 15 19 			122 122 122 			255 255 255 			98 113 118 			98 113 118 			10 10 0 			10 0 0 			3.0		0.7		0.8			80 0 68			1150.0		-22.0		0.5			120 100 100			72 91 96			124 126 128 240			252 123 123 123			252 48 48 48			155	0	0	1.00		
// 4PM 
	5 19 22 			122 123 123 			255 255 255 			89 103 107 			89 103 107 			10 10 0 			10 0 0 			3.0		0.8		0.8			80 0 51			1150.0		-22.0		0.6			120 100 100			65 82 87			123 126 130 240			252 124 124 124			252 48 48 48			155	0	0	1.00		
// 5PM 
	5 22 24 			122 123 123 			255 255 255 			80 92 96 			80 92 96 			10 10 0 			10 0 0 			3.3		0.8		0.8			80 0 34			1150.0		-22.0		0.7			120 100 100			59 74 78			123 127 131 240			252 124 124 124			252 48 48 48			155	0	0	1.00		
// 6PM 
	5 26 27 			122 123 123 			255 255 255 			71 82 85 			71 82 85 			10 10 0 			10 0 0 			3.4		0.8		0.8			80 0 17			1150.0		-22.0		0.7			120 100 100			52 66 69			123 127 132 240			252 124 124 124			252 48 48 48			155	0	0	1.00		
// 7PM 
	5 30 30 			123 123 123 			255 255 255 			62 72 75 			62 72 75 			10 10 0 			10 0 0 			3.5		0.8		0.8			80 0 0			1150.0		-22.0		0.8			120 100 100			46 58 61			123 128 134 240			252 124 124 124			252 48 48 48			155	0	0	1.00		
// 8PM 
	30 30 30 			108 108 108 			255 255 255 			62 72 75 			62 72 75 			10 10 0 			10 0 0 			1.9		0.8		0.8			80 50 0			1150.0		-22.0		0.8			120 100 100			46 58 61			122 126 134 240			252 64 64 55			252 48 48 48			155	0	0	1.00		
// 9PM 
	30 30 30 			108 108 108 			255 255 255 			51 59 61 			46 54 56 			10 10 0 			10 0 0 			1.4		0.8		0.8			140 75 0			1150.0		-22.0		0.8			95 63 55			34 43 45			99 101 111 240			252 64 64 33			252 48 48 48			155	0	0	1.00		
// 10PM 
	30 30 30 			108 108 108 			255 255 255 			41 46 47 			31 36 37 			10 10 0 			10 0 0 			0.8		0.8		0.8			200 100 0			1150.0		-22.0		0.8			70 27 10			23 28 30			77 77 88 240			252 64 64 12			252 48 48 48			155	0	0	1.00		
// 11PM 
	30 30 30 			108 108 104 			255 255 255 			26 28 29 			21 23 24 			10 10 0 			10 0 0 			0.8		0.8		0.8			200 100 0			1150.0		-22.0		0.8			50 23 5			23 28 30			66 66 77 240			252 64 64 12			252 68 57 57			155	0	0	1.00		
//
///////////////////////////////////////////RAINY_SF 
//
// Midnight 
//	Amb					Amb_Obj 				Dir 					Sky top				Sky bot				SunCore			SunCorona			SunSz		SprSz	SprBght		Shdw			LightShd			PoleShd			FarClp			FogSt			LightOnGround			LowCloudsRGB			BottomCloudRGB			WaterRGBA			Alpha1    RGB1			Alpha2    RGB2			CloudAlpha			IntensityLimit			WaterFogAlpha			DirMult 
	20 30 30 			135 173 197 			255 255 255 			10 10 10 			20 20 20 			0 0 0 			0 0 0 			0.8		0.8		0.5			200 100 0			650.0		5.0		0.8			30 20 0			0 0 0			59 68 77 240			252 124 124 124			252 16 48 10			155	0	0	1.00		
// 1AM 
	20 30 30 			135 173 197 			255 255 255 			10 10 10 			20 20 20 			0 0 0 			0 0 0 			0.8		0.8		0.5			200 100 0			650.0		5.0		0.8			38 21 2			0 0 0			59 68 77 240			252 124 124 124			252 12 48 12			155	0	0	1.00		
// 2AM 
	20 30 30 			135 173 197 			255 255 255 			10 10 10 			20 20 20 			0 0 0 			0 0 0 			0.6		0.8		0.5			200 100 0			650.0		5.0		0.8			46 22 4			0 0 0			59 68 77 240			252 124 124 124			252 9 48 14			155	0	0	1.00		
// 3AM 
	20 30 30 			135 173 197 			255 255 255 			10 10 10 			20 20 20 			0 0 0 			0 0 0 			0.3		0.8		0.6			200 100 0			650.0		5.0		0.8			54 24 6			0 0 0			59 68 77 240			252 124 124 124			252 6 48 16			155	0	0	1.00		
// 4AM 
	20 30 30 			135 173 197 			255 255 255 			10 10 10 			20 20 20 			0 0 0 			0 0 0 			0.1		0.8		0.6			200 100 0			650.0		5.0		0.8			62 25 8			0 0 0			59 68 77 240			252 124 124 124			252 3 48 18			155	0	0	1.00		
// 5AM 
	20 30 30 			135 173 197 			255 255 255 			10 10 10 			20 20 20 			0 0 0 			0 0 0 			-0.1		0.8		0.6			200 100 0			650.0		5.0		0.8			70 27 10			0 0 0			59 68 77 240			252 124 124 124			252 0 48 20			155	0	0	1.00		
// 6AM 
	20 30 30 			135 173 197 			255 255 255 			10 10 10 			20 20 20 			0 0 0 			0 0 0 			3.4		0.8		0.3			200 100 0			650.0		5.0		0.8			100 34 25			0 0 0			62 72 77 240			252 124 124 124			252 0 48 20			155	0	100	1.00		
// 7AM 
	20 30 30 			135 173 197 			255 255 255 			40 40 40 			50 50 50 			0 0 0 			0 0 0 			2.5		0.7		0.3			80 80 0			650.0		5.0		0.8			120 40 40			0 0 0			107 117 122 240			252 124 124 124			252 0 48 20			155	0	0	1.00		
// 8AM 
	20 30 30 			145 175 194 			255 255 255 			48 48 48 			54 54 54 			0 0 0 			0 0 0 			2.0		0.7		0.3			80 74 24			650.0		5.0		0.8			120 52 52			0 0 0			113 121 125 240			252 124 124 124			252 6 46 22			155	0	0	1.00		
// 9AM 
	20 30 30 			155 178 192 			255 255 255 			56 56 56 			58 58 58 			0 0 0 			0 0 0 			1.9		0.6		0.3			80 68 48			650.0		5.0		0.8			120 64 64			0 0 0			120 126 129 240			252 124 124 124			252 12 44 24			155	0	0	1.00		
// 10AM 
	20 30 30 			165 180 190 			255 255 255 			64 64 64 			62 62 62 			0 0 0 			0 0 0 			1.6		0.6		0.1			80 62 72			650.0		5.0		0.7			120 76 76			0 0 0			127 131 132 240			252 124 124 124			252 18 42 26			155	0	0	1.00		
// 11AM 
	20 30 30 			175 183 188 			255 255 255 			72 72 72 			66 66 66 			0 0 0 			0 0 0 			1.3		0.5		0.1			80 56 96			650.0		5.0		0.7			120 88 88			0 0 0			134 136 136 240			252 124 124 124			252 24 40 28			155	0	0	1.00		
// Midday 
//	Amb					Amb_Obj 				Dir 					Sky top				Sky bot				SunCore			SunCorona			SunSz		SprSz	SprBght		Shdw			LightShd			PoleShd			FarClp			FogSt			LightOnGround			LowCloudsRGB			BottomCloudRGB			WaterRGBA			Alpha1    RGB1			Alpha2    RGB2			CloudAlpha			IntensityLimit			WaterFogAlpha			DirMult 
	20 30 30 			186 186 186 			255 255 255 			80 80 80 			70 70 70 			0 0 0 			0 0 0 			0.8		0.5		0.1			80 50 120			650.0		5.0		0.7			120 100 100			0 0 0			141 141 140 240			252 124 124 124			252 30 38 30			155	0	0	1.00		
// 1PM 
	20 30 30 			178 184 187 			255 255 255 			80 80 80 			70 70 70 			0 0 0 			0 0 0 			1.4		0.6		0.1			80 50 102			650.0		5.0		0.7			120 91 91			0 0 0			137 140 140 240			252 124 124 124			252 27 39 28			155	0	0	1.00		
// 2PM 
	20 30 30 			171 182 188 			255 255 255 			80 80 80 			70 70 70 			0 0 0 			0 0 0 			1.6		0.6		0.1			80 50 85			650.0		5.0		0.8			120 82 82			0 0 0			133 139 141 240			252 124 124 124			252 24 40 27			155	0	0	1.00		
// 3PM 
	20 30 30 			164 180 189 			255 255 255 			80 80 80 			70 70 70 			0 0 0 			0 0 0 			1.9		0.7		0.3			80 50 68			650.0		5.0		0.8			120 74 74			0 0 0			130 138 141 240			252 123 123 123			252 21 41 26			155	0	0	1.00		
// 4PM 
	20 30 30 			156 178 190 			255 255 255 			80 80 80 			70 70 70 			0 0 0 			0 0 0 			2.4		0.8		0.3			80 50 51			650.0		5.0		0.8			120 65 65			0 0 0			126 137 142 240			252 124 124 124			252 18 42 25			155	0	0	1.00		
// 5PM 
	20 30 30 			149 176 191 			255 255 255 			80 80 80 			70 70 70 			0 0 0 			0 0 0 			2.8		0.8		0.3			80 50 34			650.0		5.0		0.8			120 57 57			0 0 0			123 136 142 240			252 124 124 124			252 15 43 24			155	0	0	1.00		
// 6PM 
	20 30 30 			142 174 192 			255 255 255 			80 80 80 			70 70 70 			0 0 0 			0 0 0 			3.0		0.8		0.3			80 50 17			650.0		5.0		0.8			120 48 48			0 0 0			119 135 143 240			252 124 124 124			252 12 44 23			155	0	0	1.00		
// 7PM 
	20 30 30 			135 173 193 			255 255 255 			80 80 80 			70 70 70 			0 0 0 			0 0 0 			3.5		0.8		0.5			80 50 0			650.0		5.0		0.8			120 40 40			0 0 0			116 135 144 240			252 124 124 124			252 10 46 22			155	0	0	1.00		
// 8PM 
	20 30 30 			167 198 223 			255 255 255 			40 40 40 			70 70 70 			0 0 0 			0 0 0 			1.9		0.8		0.8			80 80 0			650.0		5.0		0.8			120 40 40			0 0 0			132 176 189 240			252 124 124 124			252 0 48 20			155	0	0	1.00		
// 9PM 
	20 30 30 			167 198 223 			255 255 255 			40 40 40 			60 60 60 			0 0 0 			0 0 0 			1.4		0.8		0.8			140 90 0			650.0		5.0		0.8			95 33 25			0 0 0			146 176 189 240			252 124 124 124			252 0 48 20			155	0	0	1.00		
// 10PM 
	20 30 30 			167 198 223 			255 255 255 			40 40 40 			50 50 50 			0 0 0 			0 0 0 			0.8		0.8		0.8			200 100 0			650.0		5.0		0.8			70 27 10			0 0 0			161 176 189 240			252 124 124 124			252 0 48 20			155	0	0	1.00		
// 11PM 
	20 30 30 			151 185 210 			255 255 255 			25 25 25 			35 35 35 			0 0 0 			0 0 0 			0.8		0.8		0.8			200 100 0			650.0		5.0		0.8			50 23 5			0 0 0			110 122 133 240			252 124 124 124			252 8 48 15			155	0	0	1.00		
//
///////////////////////////////////////////FOGGY_SF 
//
// Midnight 
//	Amb					Amb_Obj 				Dir 					Sky top				Sky bot				SunCore			SunCorona			SunSz		SprSz	SprBght		Shdw			LightShd			PoleShd			FarClp			FogSt			LightOnGround			LowCloudsRGB			BottomCloudRGB			WaterRGBA			Alpha1    RGB1			Alpha2    RGB2			CloudAlpha			IntensityLimit			WaterFogAlpha			DirMult 
	33 33 33 			141 141 141 			255 255 255 			29 37 37 			28 34 34 			10 10 0 			10 0 0 			0.8		0.8		0.7			60 50 0			150.0		-200.0		0.8			30 20 0			0 0 0			120 120 125 240			252 124 124 124			252 30 30 32			0	120	0	1.00		
// 1AM 
	33 33 33 			154 141 141 			255 255 255 			25 36 36 			28 41 41 			10 10 0 			10 0 0 			0.8		0.8		0.7			60 50 0			150.0		-200.0		0.8			38 21 2			0 0 0			120 120 125 240			252 124 124 124			252 30 30 32			0	120	0	1.00		
// 2AM 
	33 33 33 			168 141 141 			255 255 255 			26 35 35 			27 39 39 			10 10 0 			10 0 0 			0.6		0.8		0.7			60 50 0			150.0		-200.0		0.8			46 22 4			0 0 0			120 120 125 240			252 124 124 124			252 30 30 32			0	120	0	1.00		
// 3AM 
	33 33 33 			182 141 141 			255 255 255 			29 39 39 			25 35 35 			10 10 0 			10 0 0 			0.3		0.8		0.7			60 50 0			150.0		-200.0		0.8			54 24 6			0 0 0			120 120 125 240			252 124 124 124			252 30 30 32			0	120	0	1.00		
// 4AM 
	33 33 33 			196 141 141 			255 255 255 			25 36 36 			28 40 40 			10 10 0 			10 0 0 			0.1		0.8		0.7			60 50 0			150.0		-200.0		0.8			62 25 8			0 0 0			120 120 125 240			252 124 124 124			252 30 30 32			0	120	0	1.00		
// 5AM 
	33 33 33 			210 141 141 			255 255 255 			30 40 40 			33 45 45 			10 10 0 			10 0 0 			-0.1		0.8		0.7			60 50 0			150.0		-200.0		0.8			70 27 10			0 0 0			120 120 125 240			252 124 124 124			252 30 30 32			0	120	0	1.00		
// 6AM 
	33 33 33 			141 141 141 			255 255 255 			29 41 41 			30 42 42 			0 10 0 			10 0 0 			3.4		0.8		0.7			60 50 0			150.0		-200.0		0.8			100 34 25			0 0 0			128 128 125 240			252 124 124 124			252 30 30 32			0	120	100	1.00		
// 7AM 
	33 33 33 			141 141 141 			255 255 255 			40 50 50 			40 50 50 			10 10 0 			10 0 0 			2.5		0.7		0.7			60 50 0			150.0		-200.0		0.6			120 40 40			0 0 0			128 128 125 240			252 124 124 124			252 30 30 32			0	120	0	1.00		
// 8AM 
	29 29 29 			141 141 141 			255 255 255 			61 71 71 			57 68 68 			10 10 0 			10 0 0 			2.0		0.7		0.6			60 50 12			170.0		-166.0		0.5			120 52 52			0 0 0			128 128 125 240			252 124 124 124			252 30 30 32			0	120	0	1.00		
// 9AM 
	25 25 25 			141 141 141 			255 255 255 			82 92 92 			74 87 87 			10 10 0 			10 0 0 			1.9		0.6		0.5			60 50 24			190.0		-132.0		0.5			120 64 64			0 0 0			128 128 126 240			252 124 124 124			252 30 30 32			0	120	0	1.00		
// 10AM 
	21 21 21 			141 141 141 			255 255 255 			103 113 113 			92 106 106 			10 10 0 			10 0 0 			1.6		0.6		0.5			60 50 36			210.0		-98.0		0.3			120 76 76			0 0 0			128 128 126 240			252 124 124 124			252 30 30 32			0	120	0	1.00		
// 11AM 
	17 17 17 			141 141 141 			255 255 255 			124 134 134 			109 125 125 			10 10 0 			10 0 0 			1.3		0.5		0.3			60 50 48			230.0		-64.0		0.3			120 88 88			0 0 0			128 128 127 240			252 124 124 124			252 30 30 32			0	120	0	1.00		
// Midday 
//	Amb					Amb_Obj 				Dir 					Sky top				Sky bot				SunCore			SunCorona			SunSz		SprSz	SprBght		Shdw			LightShd			PoleShd			FarClp			FogSt			LightOnGround			LowCloudsRGB			BottomCloudRGB			WaterRGBA			Alpha1    RGB1			Alpha2    RGB2			CloudAlpha			IntensityLimit			WaterFogAlpha			DirMult 
	13 13 13 			141 141 141 			255 255 255 			146 155 155 			127 144 144 			10 10 0 			10 0 0 			0.8		0.5		0.3			60 50 60			250.0		-30.0		0.3			120 100 100			0 0 0			128 128 128 240			252 124 124 124			252 30 30 32			0	120	0	1.00		
// 1PM 
	13 13 13 			141 141 141 			255 255 255 			139 147 147 			123 137 138 			10 10 0 			10 0 0 			1.4		0.6		0.3			60 50 51			235.0		-35.0		0.3			120 91 91			0 0 0			127 127 127 240			252 124 124 124			252 30 30 32			0	118	0	1.00		
// 2PM 
	13 13 13 			141 141 141 			255 255 255 			132 139 140 			119 131 132 			10 10 0 			10 0 0 			1.6		0.6		0.3			60 50 42			221.0		-41.0		0.3			120 82 82			0 0 0			126 126 126 240			252 124 124 124			252 30 30 32			0	117	0	1.00		
// 3PM 
	13 13 13 			141 141 141 			255 255 255 			126 131 133 			115 125 127 			10 10 0 			10 0 0 			1.9		0.7		0.3			60 50 34			207.0		-47.0		0.5			120 74 74			0 0 0			125 125 126 240			252 123 123 123			252 30 30 32			0	116	0	1.00		
// 4PM 
	13 13 13 			141 141 141 			255 255 255 			119 123 126 			111 118 121 			10 10 0 			10 0 0 			2.4		0.8		0.3			60 50 25			192.0		-52.0		0.6			120 65 65			0 0 0			125 125 125 240			252 124 124 124			252 30 30 32			0	114	0	1.00		
// 5PM 
	13 13 13 			141 141 141 			255 255 255 			113 115 119 			107 112 116 			10 10 0 			10 0 0 			2.8		0.8		0.3			60 50 17			178.0		-58.0		0.7			120 57 57			0 0 0			124 124 125 240			252 124 124 124			252 30 30 32			0	113	0	1.00		
// 6PM 
	13 13 13 			141 141 141 			255 255 255 			106 107 112 			103 106 110 			10 10 0 			10 0 0 			3.0		0.8		0.3			60 50 8			164.0		-64.0		0.7			120 48 48			0 0 0			123 123 124 240			252 124 124 124			252 30 30 32			0	112	0	1.00		
// 7PM 
	13 13 13 			141 141 141 			255 255 255 			100 100 105 			100 100 105 			10 10 0 			10 0 0 			3.5		0.8		0.3			60 50 0			150.0		-70.0		0.8			120 40 40			0 0 0			123 123 124 240			252 124 124 124			252 30 30 32			0	111	0	1.00		
// 8PM 
	13 13 13 			141 141 141 			255 255 255 			45 60 60 			41 52 49 			10 10 0 			10 0 0 			1.9		0.8		0.8			60 50 0			150.0		-80.0		0.8			120 40 40			0 0 0			122 121 124 240			252 124 124 124			252 30 30 32			0	120	0	1.00		
// 9PM 
	23 23 23 			141 141 141 			255 255 255 			36 43 43 			35 42 42 			10 10 0 			10 0 0 			1.4		0.8		0.8			60 50 0			150.0		-90.0		0.8			95 33 25			0 0 0			122 122 122 240			252 124 124 124			252 30 30 32			0	120	0	1.00		
// 10PM 
	33 33 33 			141 141 141 			255 255 255 			31 39 39 			24 32 32 			10 10 0 			10 0 0 			0.8		0.8		0.7			60 50 0			150.0		-100.0		0.8			70 27 10			0 0 0			123 124 120 240			252 124 124 124			252 30 30 32			0	120	0	1.00		
// 11PM 
	33 33 33 			141 141 141 			255 255 255 			33 34 40 			31 33 37 			10 10 0 			10 0 0 			0.8		0.8		0.7			60 50 0			150.0		-150.0		0.8			50 23 5			0 0 0			121 122 122 240			252 124 124 124			252 30 30 32			0	120	0	1.00		
//
///////////////////////////////////////////SUNNY_VEGAS 
//
// Midnight 
//	Amb					Amb_Obj 				Dir 					Sky top				Sky bot				SunCore			SunCorona			SunSz		SprSz	SprBght		Shdw			LightShd			PoleShd			FarClp			FogSt			LightOnGround			LowCloudsRGB			BottomCloudRGB			WaterRGBA			Alpha1    RGB1			Alpha2    RGB2			CloudAlpha			IntensityLimit			WaterFogAlpha			DirMult 
	25 22 22 			144 137 137 			255 255 255 			16 7 23 			24 0 37 			255 255 0 			5 0 0 			0.8		0.3		0.8			200 100 0			1000.0		100.0		0.8			30 20 0			3 3 3			38 38 55 240			252 64 64 64			252 88 27 0			122	0	0	1.00		
// 1AM 
	24 20 22 			142 137 137 			255 255 255 			16 6 22 			25 2 35 			255 229 0 			55 0 0 			0.8		0.3		0.8			190 100 0			1000.0		100.0		0.8			38 21 2			12 11 9			41 42 57 240			252 64 64 81			252 86 27 0			122	0	0	1.00		
// 2AM 
	24 19 23 			141 137 137 			255 255 255 			17 5 21 			26 4 33 			255 204 0 			105 0 0 			0.6		0.3		0.8			180 100 0			1000.0		100.0		0.8			46 22 4			21 19 16			44 47 60 240			252 64 64 99			252 84 27 0			122	0	0	1.00		
// 3AM 
	24 18 23 			140 137 137 			255 255 255 			18 5 20 			28 6 31 			255 178 0 			155 0 0 			0.3		0.3		0.8			170 100 0			1000.0		100.0		0.8			54 24 6			31 27 22			47 52 62 240			252 64 64 116			252 82 27 0			122	0	0	1.00		
// 4AM 
	24 17 24 			139 137 137 			255 255 255 			19 4 19 			29 8 29 			255 153 0 			205 0 0 			0.1		0.3		0.8			160 100 0			1000.0		100.0		0.8			62 25 8			40 35 29			50 57 65 240			252 64 64 134			252 80 27 0			122	0	0	1.00		
// 5AM 
	24 16 25 			138 138 138 			255 255 255 			20 4 19 			31 11 27 			255 128 0 			255 0 0 			-0.1		0.3		0.8			150 100 0			1000.0		100.0		0.8			70 27 10			50 43 36			53 62 68 240			252 64 64 152			252 79 27 0			122	0	0	1.00		
// 6AM 
	0 5 10 			188 188 188 			255 255 255 			89 118 255 			200 144 85 			255 128 0 			255 128 0 			8.3		0.3		0.1			140 100 0			1000.0		100.0		0.8			100 34 25			120 92 88			185 160 160 240			252 64 64 64			252 77 66 0			122	0	0	1.00		
// 7AM 
	13 13 1 			188 188 188 			255 255 255 			89 127 255 			134 147 168 			255 128 0 			255 0 0 			3.3		0.1		0.1			100 50 0			1000.0		100.0		0.5			120 40 40			159 142 106			145 170 170 240			252 64 64 64			252 64 64 22			122	0	0	1.00		
// 8AM 
	13 13 1 			188 188 188 			255 255 255 			89 118 255 			140 150 179 			255 128 0 			255 25 0 			3.0		0.1		0.1			110 40 30			1000.0		82.0		0.6			120 52 52			163 164 135			134 170 170 240			252 64 64 64			252 76 73 26			122	17	0	1.00		
// 9AM 
	13 13 1 			188 188 188 			255 255 255 			89 122 255 			136 151 186 			255 128 0 			255 51 0 			3.0		0.1		0.1			120 30 60			1000.0		64.0		0.7			120 64 64			167 187 165			123 170 170 240			252 64 64 64			252 89 82 30			122	35	0	1.00		
// 10AM 
	13 13 1 			188 188 188 			255 255 255 			89 127 255 			138 149 194 			255 128 0 			255 76 0 			2.8		0.1		0.1			130 20 90			1000.0		46.0		0.8			120 76 76			171 209 195			112 170 170 240			252 64 64 64			252 102 92 35			122	52	0	1.00		
// 11AM 
	13 13 1 			188 188 188 			255 255 255 			89 113 255 			140 153 196 			255 128 0 			255 102 0 			2.5		0.1		0.3			140 9 120			1000.0		28.0		0.8			120 88 88			175 232 225			101 170 170 240			252 64 64 64			252 115 101 39			122	70	0	1.00		
// Midday 
//	Amb					Amb_Obj 				Dir 					Sky top				Sky bot				SunCore			SunCorona			SunSz		SprSz	SprBght		Shdw			LightShd			PoleShd			FarClp			FogSt			LightOnGround			LowCloudsRGB			BottomCloudRGB			WaterRGBA			Alpha1    RGB1			Alpha2    RGB2			CloudAlpha			IntensityLimit			WaterFogAlpha			DirMult 
	13 13 1 			188 188 188 			255 255 255 			89 118 255 			142 151 186 			255 128 0 			255 128 0 			2.5		0.1		0.3			150 0 150			1000.0		10.0		0.8			120 100 100			180 255 255			90 170 170 240			252 64 64 64			252 128 111 44			122	88	0	1.00		
// 1PM 
	11 11 1 			184 183 184 			255 255 255 			77 115 222 			131 149 186 			255 146 36 			255 146 36 			2.5		0.1		0.3			144 5 128			1000.0		10.0		0.8			120 91 91			182 236 232			99 159 158 240			252 64 64 64			252 127 99 37			122	75	0	1.00		
// 2PM 
	9 9 1 			180 179 180 			255 255 255 			85 114 218 			148 176 204 			255 164 72 			255 164 72 			2.8		0.1		0.5			138 11 107			1000.0		10.0		0.8			120 82 82			185 217 209			108 148 146 240			252 64 64 64			252 126 87 31			122	62	0	1.00		
// 3PM 
	7 7 1 			177 175 177 			255 255 255 			97 120 201 			143 170 222 			254 182 109 			254 182 109 			2.9		0.1		0.6			132 17 85			1000.0		10.0		0.8			120 74 74			188 198 186			117 137 134 240			252 64 64 64			252 125 75 25			122	50	0	1.00		
// 4PM 
	6 6 1 			173 171 173 			255 255 255 			98 131 215 			147 169 212 			255 200 145 			255 200 145 			3.0		0.1		0.7			127 22 64			1000.0		10.0		0.8			120 65 65			191 179 164			126 127 122 240			252 64 64 64			252 124 63 18			122	37	0	1.00		
// 5PM 
	4 4 1 			170 167 170 			255 255 255 			103 128 185 			151 177 218 			255 218 182 			255 218 182 			3.0		0.1		0.8			121 28 42			1000.0		10.0		0.8			120 57 57			194 160 141			135 116 110 240			252 64 64 64			252 123 51 12			122	25	0	1.00		
// 6PM 
	2 2 1 			166 163 166 			255 255 255 			106 117 171 			120 135 198 			255 236 218 			255 236 218 			3.4		0.1		0.8			115 34 21			1000.0		10.0		0.8			120 48 48			197 141 118			144 105 98 240			252 64 64 64			252 122 39 6			122	12	0	1.00		
// 7PM 
	1 1 1 			163 159 163 			255 255 255 			109 126 157 			103 123 162 			255 255 255 			255 255 255 			3.5		0.1		0.8			110 40 0			1000.0		10.0		0.8			120 40 40			200 123 96			153 95 87 240			252 64 64 64			252 122 27 0			122	0	0	1.00		
// 8PM 
	1 1 0 			137 137 137 			255 255 255 			181 150 84 			136 110 74 			255 128 0 			155 0 0 			1.9		0.1		0.8			100 60 0			1000.0		10.0		0.8			120 40 40			0 0 0			67 67 67 240			252 127 93 71			252 83 11 0			122	0	0	1.00		
// 9PM 
	6 3 6 			137 137 137 			255 255 255 			106 82 64 			87 67 69 			255 66 4 			80 4 0 			1.4		0.3		0.8			130 80 0			1000.0		10.0		0.8			95 33 25			0 0 0			67 67 64 240			252 125 108 97			252 58 19 0			122	0	0	1.00		
// 10PM 
	12 6 12 			138 138 138 			255 255 255 			36 23 46 			41 30 60 			255 5 8 			5 8 0 			0.8		0.3		0.6			160 100 0			1000.0		10.0		0.8			70 27 10			0 0 0			67 67 62 240			252 124 124 124			252 34 27 0			122	0	0	1.00		
// 11PM 
	18 14 17 			141 137 137 			255 255 255 			26 17 34 			36 24 48 			255 130 4 			5 4 0 			0.8		0.3		0.7			180 100 0			1000.0		55.0		0.8			50 23 5			1 1 1			52 52 58 240			252 94 94 94			252 61 27 0			122	0	0	1.00		
//
///////////////////////////////////////////EXTRASUNNY_VEGAS 
//
// Midnight 
//	Amb					Amb_Obj 				Dir 					Sky top				Sky bot				SunCore			SunCorona			SunSz		SprSz	SprBght		Shdw			LightShd			PoleShd			FarClp			FogSt			LightOnGround			LowCloudsRGB			BottomCloudRGB			WaterRGBA			Alpha1    RGB1			Alpha2    RGB2			CloudAlpha			IntensityLimit			WaterFogAlpha			DirMult 
	22 22 22 			163 163 163 			255 255 255 			9 6 9 			18 15 44 			255 255 0 			5 0 0 			0.8		0.3		0.7			200 100 0			1000.0		200.0		0.8			30 20 0			3 3 3			38 38 55 240			252 77 77 77			252 88 66 41			0	30	0	1.00		
// 1AM 
	20 20 20 			163 163 163 			255 255 255 			7 5 9 			17 12 41 			255 229 0 			55 0 0 			0.8		0.3		0.7			190 100 0			1000.0		200.0		0.8			38 21 2			12 11 9			41 42 57 240			252 86 82 84			252 80 58 32			0	42	0	1.00		
// 2AM 
	18 18 18 			163 163 163 			255 255 255 			5 5 9 			17 9 38 			255 204 0 			105 0 0 			0.6		0.3		0.6			180 100 0			1000.0		200.0		0.8			46 22 4			21 19 16			44 47 60 240			252 95 88 92			252 73 50 24			0	54	0	1.00		
// 3AM 
	16 16 16 			163 163 163 			255 255 255 			3 5 9 			16 6 35 			255 178 0 			155 0 0 			0.3		0.3		0.6			170 100 0			1000.0		200.0		0.8			54 24 6			31 27 22			47 52 62 240			252 105 94 100			252 66 42 16			0	66	0	1.00		
// 4AM 
	14 14 14 			163 163 163 			255 255 255 			1 5 9 			16 3 32 			255 153 0 			205 0 0 			0.1		0.3		0.5			160 100 0			1000.0		200.0		0.8			62 25 8			40 35 29			50 57 65 240			252 114 100 108			252 59 34 8			0	78	0	1.00		
// 5AM 
	12 12 12 			163 163 163 			255 255 255 			0 5 10 			16 1 30 			255 128 0 			255 0 0 			-0.1		0.3		0.5			150 100 0			1000.0		200.0		0.8			70 27 10			50 43 36			53 62 68 240			252 124 106 116			252 52 27 0			0	90	0	1.00		
// 6AM 
	12 12 12 			188 188 188 			255 255 255 			141 99 81 			200 144 85 			255 128 0 			255 128 0 			8.3		0.8		0.1			140 100 0			1000.0		0.0		0.8			100 34 25			120 92 88			185 160 160 240			252 66 66 66			252 90 70 20			0	90	0	1.00		
// 7AM 
	13 4 0 			188 188 188 			255 255 255 			89 132 255 			200 144 90 			255 128 0 			255 0 0 			3.5		0.8		-0.1			100 50 0			1000.0		0.0		0.5			120 40 40			159 142 106			145 170 170 240			240 124 60 60			252 89 91 44			0	90	0	1.00		
// 8AM 
	13 5 0 			188 188 188 			255 255 255 			89 127 255 			178 155 123 			255 128 0 			255 25 0 			3.5		0.8		-0.1			110 40 30			1000.0		2.0		0.6			120 52 52			163 164 135			134 170 170 240			240 112 60 60			252 89 88 41			0	90	0	1.00		
// 9AM 
	13 7 0 			188 188 188 			255 255 255 			89 127 255 			156 166 156 			255 128 0 			255 51 0 			3.0		0.8		-0.1			120 30 60			1000.0		4.0		0.7			120 64 64			167 187 165			123 170 170 240			244 100 61 61			252 89 86 39			0	90	0	1.00		
// 10AM 
	13 9 0 			188 188 188 			255 255 255 			89 132 255 			134 151 189 			255 128 0 			255 76 0 			3.0		0.8		-0.1			130 20 90			1000.0		6.0		0.8			120 76 76			171 209 195			112 170 170 240			248 88 62 62			252 89 84 37			0	90	0	1.00		
// 11AM 
	13 11 0 			188 188 188 			255 255 255 			89 136 255 			121 142 214 			255 128 0 			255 102 0 			2.5		0.8		-0.1			140 9 120			1000.0		8.0		0.8			120 88 88			175 232 225			101 170 170 240			252 76 63 63			252 89 82 35			0	90	0	1.00		
// Midday 
//	Amb					Amb_Obj 				Dir 					Sky top				Sky bot				SunCore			SunCorona			SunSz		SprSz	SprBght		Shdw			LightShd			PoleShd			FarClp			FogSt			LightOnGround			LowCloudsRGB			BottomCloudRGB			WaterRGBA			Alpha1    RGB1			Alpha2    RGB2			CloudAlpha			IntensityLimit			WaterFogAlpha			DirMult 
	13 13 0 			188 188 188 			255 255 255 			89 118 255 			137 151 201 			255 128 0 			255 128 0 			2.5		0.8		-0.1			150 0 150			1000.0		10.0		0.8			120 100 100			180 255 255			90 170 170 240			0 64 64 64			252 90 80 33			0	90	0	1.00		
// 1PM 
	13 13 0 			184 184 184 			255 255 255 			89 136 255 			127 144 185 			255 116 0 			255 109 0 			2.5		0.8		0.1			144 5 128			1000.0		10.0		0.8			120 91 91			182 236 232			97 163 158 240			36 64 64 64			252 93 76 32			0	90	0	1.00		
// 2PM 
	13 13 0 			180 180 180 			255 255 255 			89 132 255 			129 140 179 			255 104 0 			255 91 0 			2.5		0.8		0.1			138 11 107			1000.0		10.0		0.8			120 82 82			185 217 209			105 156 146 240			72 64 64 64			252 96 73 31			0	90	0	1.00		
// 3PM 
	13 13 0 			177 177 177 			255 255 255 			79 117 224 			139 160 204 			254 93 0 			254 73 0 			2.5		0.7		0.1			132 17 85			1000.0		10.0		0.8			120 74 74			188 198 186			112 149 134 240			108 64 64 64			252 100 70 30			0	90	0	1.00		
// 4PM 
	13 13 0 			173 173 173 			255 255 255 			89 136 255 			133 154 205 			255 81 0 			255 54 0 			2.5		0.6		0.1			127 22 64			1000.0		10.0		0.8			120 65 65			191 179 164			120 142 122 240			144 64 64 64			252 103 66 29			0	90	0	1.00		
// 5PM 
	13 13 0 			170 170 170 			255 255 255 			89 127 255 			138 158 205 			255 70 0 			255 36 0 			2.5		0.5		0.3			121 28 42			1000.0		10.0		0.8			120 57 57			194 160 141			127 135 110 240			180 64 64 64			252 107 63 28			0	90	0	1.00		
// 6PM 
	13 13 0 			166 166 166 			255 255 255 			91 121 241 			155 161 201 			255 58 0 			255 18 0 			2.5		0.3		0.3			115 34 21			1000.0		10.0		0.8			120 48 48			197 141 118			135 128 98 240			216 64 64 64			252 110 60 27			0	90	0	1.00		
// 7PM 
	13 13 0 			163 163 163 			255 255 255 			89 127 255 			141 161 190 			255 47 0 			255 0 0 			2.5		0.3		0.3			110 40 0			1000.0		10.0		0.8			120 40 40			200 123 96			143 121 87 240			252 64 64 64			252 114 57 27			0	90	0	1.00		
// 8PM 
	13 13 0 			163 163 163 			255 255 255 			109 142 189 			165 155 130 			255 128 0 			155 0 0 			1.9		0.5		0.6			100 60 0			1000.0		10.0		0.8			120 40 40			0 0 0			67 67 67 240			252 55 55 55			252 120 50 0			0	90	0	1.00		
// 9PM 
	17 17 11 			163 163 163 			255 255 255 			54 71 94 			91 85 87 			255 66 4 			80 4 0 			1.4		0.5		0.6			130 80 0			1000.0		105.0		0.8			95 33 25			0 0 0			69 56 60 240			252 66 66 66			252 121 52 16			0	60	0	1.00		
// 10PM 
	22 22 23 			163 163 163 			255 255 255 			0 0 0 			18 15 44 			255 5 8 			5 8 0 			0.8		0.5		0.7			160 100 0			1000.0		200.0		0.8			70 27 10			0 0 0			71 46 53 240			252 77 77 77			252 122 55 33			0	30	0	1.00		
// 11PM 
	22 22 22 			163 163 163 			255 255 255 			4 3 4 			18 15 44 			255 130 4 			5 4 0 			0.8		0.3		0.7			180 100 0			1000.0		200.0		0.8			50 23 5			1 1 1			54 42 54 240			252 77 77 77			252 105 60 37			0	30	0	1.00		
//
///////////////////////////////////////////CLOUDY_VEGAS 
//
// Midnight 
//	Amb					Amb_Obj 				Dir 					Sky top				Sky bot				SunCore			SunCorona			SunSz		SprSz	SprBght		Shdw			LightShd			PoleShd			FarClp			FogSt			LightOnGround			LowCloudsRGB			BottomCloudRGB			WaterRGBA			Alpha1    RGB1			Alpha2    RGB2			CloudAlpha			IntensityLimit			WaterFogAlpha			DirMult 
	2 20 33 			163 163 163 			255 255 255 			22 33 44 			11 23 44 			0 0 0 			0 0 0 			-0.1		0.8		0.8			200 100 0			1000.0		100.0		0.8			30 20 0			3 3 3			38 38 55 240			252 66 124 124			252 34 27 0			44	0	0	1.00		
// 1AM 
	3 20 33 			163 163 163 			255 255 255 			22 33 44 			13 25 44 			0 0 0 			0 0 0 			-0.1		0.8		0.8			190 100 0			1000.0		100.0		0.8			38 21 2			12 11 9			41 42 57 240			252 66 124 124			252 34 27 0			44	0	0	1.00		
// 2AM 
	5 20 33 			163 163 163 			255 255 255 			22 33 44 			15 27 44 			0 0 0 			0 0 0 			-0.1		0.8		0.8			180 100 0			1000.0		100.0		0.8			46 22 4			21 19 16			44 47 60 240			252 66 124 124			252 34 27 0			44	0	0	1.00		
// 3AM 
	7 21 33 			163 163 163 			255 255 255 			22 33 44 			17 29 44 			0 0 0 			0 0 0 			-0.1		0.8		0.8			170 100 0			1000.0		100.0		0.8			54 24 6			31 27 22			47 52 62 240			252 66 124 124			252 34 27 0			44	0	0	1.00		
// 4AM 
	9 21 33 			163 163 163 			255 255 255 			22 33 44 			19 31 44 			0 0 0 			0 0 0 			-0.1		0.8		0.8			160 100 0			1000.0		100.0		0.8			62 25 8			40 35 29			50 57 65 240			252 66 124 124			252 34 27 0			44	0	0	1.00		
// 5AM 
	11 22 33 			163 163 163 			255 255 255 			22 33 44 			22 33 44 			0 0 0 			0 0 0 			-0.1		0.8		0.8			150 100 0			1000.0		100.0		0.8			70 27 10			50 43 36			53 62 68 240			252 66 124 124			252 34 27 0			44	0	0	1.00		
// 6AM 
	22 22 33 			188 188 187 			255 255 255 			84 83 88 			77 77 77 			0 0 0 			0 0 0 			-0.1		0.8		0.8			140 100 0			1000.0		100.0		0.8			100 34 25			120 92 88			185 160 160 240			252 64 124 124			252 34 27 0			122	0	0	1.00		
// 7AM 
	22 22 22 			188 188 188 			255 255 255 			211 211 255 			155 155 155 			0 0 0 			0 0 0 			-0.1		0.8		0.8			100 50 0			1000.0		100.0		0.5			120 40 40			159 142 106			145 170 170 240			252 64 64 64			252 66 55 21			122	0	0	1.00		
// 8AM 
	22 22 22 			188 188 188 			255 255 255 			197 197 232 			148 148 148 			0 0 0 			0 0 0 			-0.1		0.8		0.7			110 40 30			1000.0		82.0		0.6			120 52 52			144 131 102			134 170 170 240			252 76 76 76			252 66 55 21			122	0	0	1.00		
// 9AM 
	22 22 22 			188 188 188 			255 255 255 			184 184 210 			141 141 141 			0 0 0 			0 0 0 			-0.1		0.8		0.6			120 30 60			1000.0		64.0		0.7			120 64 64			130 120 98			123 170 170 240			252 88 88 88			252 66 55 21			122	0	0	1.00		
// 10AM 
	22 22 22 			188 188 188 			255 255 255 			170 170 188 			135 135 135 			0 0 0 			0 0 0 			-0.1		0.8		0.5			130 20 90			1000.0		46.0		0.8			120 76 76			116 109 95			112 170 170 240			252 100 100 100			252 66 55 21			122	0	0	1.00		
// 11AM 
	22 22 22 			188 188 188 			255 255 255 			157 157 166 			128 128 128 			0 0 0 			0 0 0 			-0.1		0.8		0.3			140 9 120			1000.0		28.0		0.8			120 88 88			102 98 91			101 170 170 240			252 112 112 112			252 66 55 21			122	0	0	1.00		
// Midday 
//	Amb					Amb_Obj 				Dir 					Sky top				Sky bot				SunCore			SunCorona			SunSz		SprSz	SprBght		Shdw			LightShd			PoleShd			FarClp			FogSt			LightOnGround			LowCloudsRGB			BottomCloudRGB			WaterRGBA			Alpha1    RGB1			Alpha2    RGB2			CloudAlpha			IntensityLimit			WaterFogAlpha			DirMult 
	22 22 22 			188 188 188 			255 255 255 			144 144 144 			122 122 122 			0 0 0 			0 0 0 			-0.1		0.8		0.3			150 0 150			1000.0		10.0		0.8			120 100 100			88 88 88			90 170 170 240			252 124 124 124			252 66 55 21			122	0	0	1.00		
// 1PM 
	22 22 22 			188 184 184 			255 255 255 			144 144 144 			126 126 126 			0 0 0 			0 0 0 			-0.1		0.8		0.3			144 5 128			1000.0		10.0		0.8			120 91 91			88 88 88			99 159 158 240			252 115 115 115			252 66 56 25			122	0	0	1.00		
// 2PM 
	22 22 22 			188 180 180 			255 255 255 			144 144 144 			131 131 131 			0 0 0 			0 0 0 			-0.1		0.8		0.5			138 11 107			1000.0		10.0		0.8			120 82 82			88 88 88			108 148 146 240			252 106 106 106			252 66 58 29			122	0	0	1.00		
// 3PM 
	22 22 22 			188 177 177 			255 255 255 			144 144 144 			136 136 136 			0 0 0 			0 0 0 			-0.1		0.8		0.6			132 17 85			1000.0		10.0		0.8			120 74 74			88 88 88			117 137 134 240			252 98 98 98			252 66 59 33			122	0	0	1.00		
// 4PM 
	22 22 22 			188 173 173 			255 255 255 			144 144 144 			140 140 140 			0 0 0 			0 0 0 			-0.1		0.8		0.7			127 22 64			1000.0		10.0		0.8			120 65 65			88 88 88			126 127 122 240			252 89 89 89			252 66 61 37			122	0	0	1.00		
// 5PM 
	22 22 22 			188 170 170 			255 255 255 			144 144 144 			145 145 145 			0 0 0 			0 0 0 			-0.1		0.8		0.8			121 28 42			1000.0		10.0		0.8			120 57 57			88 88 88			135 116 110 240			252 81 81 81			252 66 62 41			122	0	0	1.00		
// 6PM 
	22 22 22 			188 166 166 			255 255 255 			144 144 144 			150 150 150 			0 0 0 			0 0 0 			-0.1		0.8		0.8			115 34 21			1000.0		10.0		0.8			120 48 48			88 88 88			144 105 98 240			252 72 72 72			252 66 64 45			122	0	0	1.00		
// 7PM 
	22 22 22 			188 163 163 			255 255 255 			144 144 144 			155 155 155 			0 0 0 			0 0 0 			-0.1		0.8		0.8			110 40 0			1000.0		10.0		0.8			120 40 40			88 88 88			153 95 87 240			252 64 64 64			252 66 66 50			122	0	0	1.00		
// 8PM 
	2 2 13 			163 163 163 			255 255 255 			88 88 88 			88 88 88 			0 0 0 			0 0 0 			-0.1		0.8		0.8			100 60 0			1000.0		10.0		0.8			120 52 79			88 88 88			67 67 67 240			252 124 124 124			252 34 27 0			122	0	0	1.00		
// 9PM 
	2 11 23 			163 163 163 			255 255 255 			55 60 66 			49 55 66 			0 0 4 			0 0 0 			-0.1		0.8		0.8			130 80 0			1000.0		10.0		0.8			95 39 44			44 44 44			67 67 64 240			252 124 124 124			252 34 27 0			83	0	0	1.00		
// 10PM 
	2 20 33 			163 163 163 			255 255 255 			22 33 44 			11 23 44 			0 0 8 			0 0 0 			-0.1		0.8		0.8			160 100 0			1000.0		10.0		0.8			70 27 10			0 0 0			67 67 62 240			252 124 124 124			252 34 27 0			44	0	0	1.00		
// 11PM 
	2 20 33 			163 163 163 			255 255 255 			22 33 44 			11 23 44 			0 0 4 			0 0 0 			-0.1		0.8		0.8			180 100 0			1000.0		55.0		0.8			50 23 5			1 1 1			52 52 58 240			252 95 124 124			252 34 27 0			44	0	0	1.00		
//
///////////////////////////////////////////EXTRASUNNY_COUNTRYSIDE 
//
// Midnight 
//	Amb					Amb_Obj 				Dir 					Sky top				Sky bot				SunCore			SunCorona			SunSz		SprSz	SprBght		Shdw			LightShd			PoleShd			FarClp			FogSt			LightOnGround			LowCloudsRGB			BottomCloudRGB			WaterRGBA			Alpha1    RGB1			Alpha2    RGB2			CloudAlpha			IntensityLimit			WaterFogAlpha			DirMult 
	33 33 12 			163 163 163 			255 255 255 			0 14 30 			10 22 35 			255 255 0 			5 0 0 			0.8		0.5		0.8			200 100 0			1500.0		100.0		0.8			30 20 0			3 3 3			53 62 68 240			252 89 97 80			252 17 86 109			44	120	0	1.00		
// 1AM 
	30 31 14 			163 163 163 			255 255 255 			0 30 30 			10 22 35 			255 229 0 			55 0 0 			0.8		0.5		0.8			190 100 0			1500.0		100.0		0.8			28 22 4			12 11 9			53 62 68 240			252 91 99 80			252 15 86 107			52	120	0	1.00		
// 2AM 
	28 29 17 			163 163 163 			255 255 255 			0 30 30 			10 22 35 			255 204 0 			105 0 0 			0.6		0.5		0.8			180 100 0			1500.0		100.0		0.8			27 24 8			21 19 16			53 62 68 240			252 94 101 80			252 14 87 105			61	120	0	1.00		
// 3AM 
	26 28 19 			163 163 163 			255 255 255 			0 11 30 			10 22 35 			255 178 0 			155 0 0 			0.3		0.3		0.8			170 100 0			1500.0		100.0		0.8			25 26 12			31 27 22			53 62 68 240			252 97 103 80			252 12 88 103			70	120	0	1.00		
// 4AM 
	24 26 22 			163 163 163 			255 255 255 			0 30 30 			10 22 35 			255 153 0 			205 0 0 			0.1		0.3		0.8			160 100 0			1500.0		100.0		0.8			24 28 16			40 35 29			53 62 68 240			252 100 105 80			252 11 89 101			79	120	0	1.00		
// 5AM 
	22 25 25 			163 163 163 			255 255 255 			0 6 30 			10 22 35 			255 128 0 			255 0 0 			-0.1		0.3		0.8			150 100 0			1500.0		100.0		0.8			23 30 20			50 43 36			53 62 68 240			252 103 107 80			252 10 90 100			88	120	0	1.00		
// 6AM 
	23 23 23 			188 188 188 			255 255 255 			90 145 227 			200 144 85 			255 128 0 			255 255 255 			8.3		0.3		0.8			140 100 0			1500.0		100.0		0.8			100 34 25			120 92 88			185 160 160 240			252 124 124 69			252 91 9 0			75	120	0	1.00		
// 7AM 
	22 24 22 			188 188 188 			255 255 255 			89 132 255 			187 146 116 			255 128 0 			255 255 255 			3.3		0.3		0.3			100 50 0			1500.0		5.0		0.5			120 40 40			159 142 106			145 170 170 240			252 62 64 44			252 80 36 22			81	120	0	1.00		
// 8AM 
	22 20 18 			191 188 188 			255 255 255 			89 136 255 			161 149 143 			255 128 0 			255 229 204 			3.0		0.5		0.3			110 40 30			1500.0		17.0		0.6			120 52 52			163 164 135			134 170 170 240			252 61 63 44			252 81 45 28			85	120	0	1.00		
// 9AM 
	22 16 15 			194 188 188 			255 255 255 			89 122 255 			135 153 171 			255 128 0 			255 204 153 			3.0		0.6		0.1			120 30 60			1500.0		29.0		0.7			120 64 64			167 187 165			123 170 170 240			252 61 62 44			252 82 55 34			90	120	0	1.00		
// 10AM 
	22 12 11 			197 188 188 			255 255 255 			89 132 255 			126 154 204 			255 128 0 			255 178 102 			2.8		0.8		0.1			130 20 90			1500.0		41.0		0.8			120 76 76			171 209 195			112 170 170 240			252 60 61 45			252 83 64 40			95	120	0	1.00		
// 11AM 
	22 8 8 			200 188 188 			255 255 255 			89 132 255 			125 152 212 			255 128 0 			255 153 50 			2.5		0.8		0.1			140 9 120			1500.0		53.0		0.8			120 88 88			175 232 225			101 170 170 240			252 60 60 45			252 84 74 46			100	120	0	1.00		
// Midday 
//	Amb					Amb_Obj 				Dir 					Sky top				Sky bot				SunCore			SunCorona			SunSz		SprSz	SprBght		Shdw			LightShd			PoleShd			FarClp			FogSt			LightOnGround			LowCloudsRGB			BottomCloudRGB			WaterRGBA			Alpha1    RGB1			Alpha2    RGB2			CloudAlpha			IntensityLimit			WaterFogAlpha			DirMult 
	22 5 5 			203 188 188 			255 255 255 			89 132 255 			132 151 213 			255 128 0 			255 128 0 			2.5		0.8		0.1			150 0 150			1500.0		65.0		0.8			120 100 100			180 255 255			90 170 170 240			252 60 60 46			252 86 84 52			105	120	0	1.00		
// 1PM 
	22 7 7 			197 184 184 			255 255 255 			91 130 241 			139 157 201 			255 113 0 			255 146 36 			3.0		0.8		0.1			144 5 128			1500.0		56.0		0.8			120 91 91			182 236 232			98 164 159 240			252 60 60 46			252 85 82 49			104	120	0	1.00		
// 2PM 
	22 9 9 			191 180 180 			255 255 255 			95 125 227 			145 160 187 			255 98 0 			255 164 72 			3.9		0.8		0.1			138 11 107			1500.0		47.0		0.8			120 82 82			185 217 209			106 159 149 240			252 61 61 46			252 84 80 46			103	120	0	1.00		
// 3PM 
	22 12 12 			185 177 177 			255 255 255 			98 127 212 			129 152 193 			254 83 0 			254 182 109 			4.5		0.8		0.3			132 17 85			1500.0		39.0		0.8			120 74 74			188 198 186			114 154 138 240			252 62 62 46			252 83 78 43			102	120	0	1.00		
// 4PM 
	22 14 14 			180 173 173 			255 255 255 			100 134 199 			118 142 183 			255 69 0 			255 200 145 			5.3		0.7		0.3			127 22 64			1500.0		30.0		0.8			120 65 65			191 179 164			123 149 128 240			252 63 63 46			252 82 77 40			101	120	0	1.00		
// 5PM 
	22 17 17 			174 170 170 			255 255 255 			103 128 185 			134 147 165 			255 54 0 			255 218 182 			6.0		0.6		0.5			121 28 42			1500.0		22.0		0.8			120 57 57			194 160 141			131 144 117 240			252 64 64 46			252 81 75 37			100	120	0	1.00		
// 6PM 
	22 19 19 			168 166 166 			255 255 255 			106 126 171 			149 156 147 			255 39 0 			255 236 218 			6.8		0.6		0.5			115 34 21			1500.0		13.0		0.8			120 48 48			197 141 118			139 139 107 240			252 65 65 46			252 80 73 34			99	120	0	1.00		
// 7PM 
	22 22 22 			163 163 163 			255 255 255 			109 122 157 			165 155 130 			255 25 0 			255 255 255 			7.5		0.5		0.6			110 40 0			1500.0		5.0		0.8			120 40 40			200 123 96			148 134 97 240			252 66 66 46			252 80 72 32			99	120	0	1.00		
// 8PM 
	5 5 0 			163 163 163 			255 255 255 			109 142 189 			165 155 130 			255 128 0 			155 0 0 			1.9		0.3		0.3			100 60 0			1500.0		10.0		0.8			120 40 40			0 0 0			67 67 67 240			252 118 89 48			252 69 28 6			62	120	0	1.00		
// 9PM 
	13 13 6 			163 163 163 			255 255 255 			64 78 117 			115 110 97 			255 66 4 			80 4 0 			1.4		0.3		0.5			130 80 0			1500.0		10.0		0.8			95 33 25			0 0 0			67 67 64 240			120 90 75 86			252 100 54 23			53	120	0	1.00		
// 10PM 
	22 22 12 			163 163 163 			255 255 255 			20 15 45 			66 66 64 			255 5 8 			5 8 0 			0.8		0.3		0.6			160 100 0			1500.0		10.0		0.8			70 27 10			0 0 0			67 67 62 240			248 62 62 124			252 132 80 40			44	120	0	1.00		
// 11PM 
	27 27 12 			163 163 163 			255 255 255 			10 22 37 			38 44 49 			255 130 4 			5 4 0 			0.8		0.3		0.8			180 100 0			1500.0		55.0		0.8			50 23 5			1 1 1			60 64 65 240			120 75 79 102			252 74 83 74			44	120	0	1.00		
//
///////////////////////////////////////////SUNNY_COUNTRYSIDE 
//
// Midnight 
//	Amb					Amb_Obj 				Dir 					Sky top				Sky bot				SunCore			SunCorona			SunSz		SprSz	SprBght		Shdw			LightShd			PoleShd			FarClp			FogSt			LightOnGround			LowCloudsRGB			BottomCloudRGB			WaterRGBA			Alpha1    RGB1			Alpha2    RGB2			CloudAlpha			IntensityLimit			WaterFogAlpha			DirMult 
	33 33 33 			163 163 163 			255 255 255 			10 22 35 			10 22 35 			255 255 0 			5 0 0 			0.8		0.5		0.8			200 100 0			1500.0		100.0		0.8			30 20 0			3 3 3			53 62 68 240			252 89 97 80			252 17 86 109			44	120	0	1.00		
// 1AM 
	30 31 31 			163 163 163 			255 255 255 			10 22 35 			10 22 35 			255 229 0 			55 0 0 			0.8		0.5		0.8			190 100 0			1500.0		100.0		0.8			28 22 4			12 11 9			53 62 68 240			252 91 99 80			252 15 86 107			52	120	0	1.00		
// 2AM 
	28 29 29 			163 163 163 			255 255 255 			10 22 35 			10 22 35 			255 204 0 			105 0 0 			0.6		0.5		0.8			180 100 0			1500.0		100.0		0.8			27 24 8			21 19 16			53 62 68 240			252 94 101 80			252 14 87 105			61	120	0	1.00		
// 3AM 
	26 28 28 			163 163 163 			255 255 255 			10 22 35 			10 22 35 			255 178 0 			155 0 0 			0.3		0.3		0.8			170 100 0			1500.0		100.0		0.8			25 26 12			31 27 22			53 62 68 240			252 97 103 80			252 12 88 103			70	120	0	1.00		
// 4AM 
	24 26 26 			163 163 163 			255 255 255 			10 22 35 			10 22 35 			255 153 0 			205 0 0 			0.1		0.3		0.8			160 100 0			1500.0		100.0		0.8			24 28 16			40 35 29			53 62 68 240			252 100 105 80			252 11 89 101			79	120	0	1.00		
// 5AM 
	22 25 25 			163 163 163 			255 255 255 			10 16 35 			10 22 35 			255 128 0 			255 0 0 			-0.1		0.3		0.8			150 100 0			1500.0		100.0		0.8			23 30 20			50 43 36			53 62 68 240			252 103 107 80			252 10 90 100			88	120	0	1.00		
// 6AM 
	23 23 23 			188 188 188 			255 255 255 			89 124 227 			200 144 85 			255 255 255 			122 122 0 			8.3		0.3		0.8			140 100 0			1500.0		100.0		0.8			100 34 25			120 92 88			185 160 160 240			252 124 124 69			252 91 9 0			75	120	0	1.00		
// 7AM 
	5 5 5 			188 188 188 			255 255 255 			89 127 255 			187 146 116 			255 255 255 			122 122 0 			3.3		0.3		0.3			100 50 0			1500.0		5.0		0.5			120 40 40			159 142 106			145 170 170 240			252 62 64 44			252 80 36 22			81	120	0	1.00		
// 8AM 
	8 8 5 			188 188 188 			255 255 255 			89 132 255 			161 149 143 			255 229 204 			148 123 0 			3.0		0.5		0.3			110 40 30			1500.0		17.0		0.6			120 52 52			163 164 135			134 170 170 240			252 61 63 44			252 81 45 28			85	120	0	1.00		
// 9AM 
	11 11 5 			188 188 188 			255 255 255 			89 122 255 			135 153 171 			255 204 153 			175 124 0 			3.0		0.6		0.1			120 30 60			1500.0		29.0		0.7			120 64 64			167 187 165			123 170 170 240			252 61 62 44			252 82 55 34			90	120	0	1.00		
// 10AM 
	15 15 5 			188 188 188 			255 255 255 			89 141 255 			138 146 169 			255 178 102 			201 125 0 			2.8		0.8		0.1			130 20 90			1500.0		41.0		0.8			120 76 76			171 209 195			112 170 170 240			252 60 61 45			252 83 64 40			95	120	0	1.00		
// 11AM 
	18 18 5 			188 188 188 			255 255 255 			89 122 255 			143 158 185 			255 153 50 			228 126 0 			2.5		0.8		0.1			140 9 120			1500.0		53.0		0.8			120 88 88			175 232 225			101 170 170 240			252 60 60 45			252 84 74 46			100	120	0	1.00		
// Midday 
//	Amb					Amb_Obj 				Dir 					Sky top				Sky bot				SunCore			SunCorona			SunSz		SprSz	SprBght		Shdw			LightShd			PoleShd			FarClp			FogSt			LightOnGround			LowCloudsRGB			BottomCloudRGB			WaterRGBA			Alpha1    RGB1			Alpha2    RGB2			CloudAlpha			IntensityLimit			WaterFogAlpha			DirMult 
	22 22 5 			188 188 188 			255 255 255 			89 122 255 			134 142 168 			255 128 0 			255 128 0 			2.5		0.8		0.1			150 0 150			1500.0		65.0		0.8			120 100 100			180 255 255			90 170 170 240			252 60 60 46			252 86 84 52			105	120	0	1.00		
// 1PM 
	22 22 5 			184 184 184 			255 255 255 			91 134 241 			130 149 204 			255 128 0 			255 109 0 			3.0		0.8		0.1			144 5 128			1500.0		56.0		0.8			120 91 91			176 236 232			98 164 159 240			252 60 60 46			252 85 82 49			104	120	0	1.00		
// 2PM 
	22 22 5 			180 180 180 			255 255 255 			95 122 227 			133 155 202 			255 128 0 			255 91 0 			3.9		0.8		0.1			138 11 107			1500.0		47.0		0.8			120 82 82			172 217 209			106 159 149 240			252 61 61 46			252 84 80 46			103	120	0	1.00		
// 3PM 
	22 22 5 			177 177 177 			255 255 255 			98 121 212 			127 143 189 			254 128 0 			254 73 0 			4.5		0.8		0.3			132 17 85			1500.0		39.0		0.8			120 74 74			168 198 186			114 154 138 240			252 62 62 46			252 83 78 43			102	120	0	1.00		
// 4PM 
	22 22 5 			173 173 173 			255 255 255 			100 125 199 			118 147 183 			255 128 0 			255 54 0 			5.3		0.7		0.3			127 22 64			1500.0		30.0		0.8			120 65 65			164 179 164			123 149 128 240			252 63 63 46			252 82 77 40			101	120	0	1.00		
// 5PM 
	22 22 5 			170 170 170 			255 255 255 			103 126 185 			134 143 165 			255 128 0 			255 36 0 			6.0		0.6		0.5			121 28 42			1500.0		22.0		0.8			120 57 57			160 160 141			131 144 117 240			252 64 64 46			252 81 75 37			100	120	0	1.00		
// 6PM 
	22 22 5 			166 166 166 			255 255 255 			106 128 171 			149 156 147 			255 128 0 			255 18 0 			6.8		0.6		0.5			115 34 21			1500.0		13.0		0.8			120 48 48			156 141 118			139 139 107 240			252 65 65 46			252 80 73 34			99	120	0	1.00		
// 7PM 
	22 22 5 			163 163 163 			255 255 255 			109 120 157 			165 155 130 			255 128 0 			255 0 0 			7.5		0.5		0.6			110 40 0			1500.0		5.0		0.8			120 40 40			152 123 96			148 134 97 240			252 66 66 46			252 80 72 32			99	120	0	1.00		
// 8PM 
	21 21 21 			163 163 163 			255 255 255 			109 142 189 			165 155 130 			255 128 0 			155 0 0 			1.9		0.3		0.3			100 60 0			1500.0		10.0		0.8			120 40 40			54 55 55			67 67 67 240			252 118 89 48			252 69 28 6			62	120	0	1.00		
// 9PM 
	27 27 27 			163 163 163 			255 255 255 			64 78 117 			115 110 97 			255 66 4 			80 4 0 			1.4		0.3		0.5			130 80 0			1500.0		10.0		0.8			95 33 25			27 27 27			67 67 64 240			120 90 75 86			252 100 54 23			53	120	0	1.00		
// 10PM 
	33 33 33 			163 163 163 			255 255 255 			20 15 45 			66 66 64 			255 5 8 			5 8 0 			0.8		0.3		0.6			160 100 0			1500.0		10.0		0.8			70 27 10			0 0 0			67 67 62 240			248 62 62 124			252 132 80 40			44	120	0	1.00		
// 11PM 
	33 33 33 			163 163 163 			255 255 255 			15 18 40 			38 44 49 			255 130 4 			5 4 0 			0.8		0.3		0.8			180 100 0			1500.0		55.0		0.8			50 23 5			1 1 1			60 64 65 240			120 75 79 102			252 74 83 74			44	120	0	1.00		
//
///////////////////////////////////////////CLOUDY_COUNTRYSIDE 
//
// Midnight 
//	Amb					Amb_Obj 				Dir 					Sky top				Sky bot				SunCore			SunCorona			SunSz		SprSz	SprBght		Shdw			LightShd			PoleShd			FarClp			FogSt			LightOnGround			LowCloudsRGB			BottomCloudRGB			WaterRGBA			Alpha1    RGB1			Alpha2    RGB2			CloudAlpha			IntensityLimit			WaterFogAlpha			DirMult 
	12 22 35 			200 200 200 			255 255 255 			0 9 9 			1 24 32 			0 0 0 			0 0 0 			0.8		0.3		0.3			200 100 0			1150.0		-22.0		0.8			30 20 0			23 28 30			32 43 66 240			252 77 77 77			252 99 99 83			122	0	0	1.00		
// 1AM 
	10 21 34 			198 195 193 			255 255 255 			0 9 9 			1 24 32 			0 0 0 			0 0 0 			0.8		0.3		0.3			200 100 0			1150.0		-22.0		0.8			38 21 2			23 28 30			30 46 66 240			252 86 86 86			252 88 88 76			122	0	0	1.00		
// 2AM 
	8 20 34 			196 190 187 			255 255 255 			0 9 9 			1 24 32 			0 0 0 			0 0 0 			0.8		0.3		0.3			200 100 0			1150.0		-22.0		0.8			46 22 4			23 28 30			29 49 66 240			252 95 95 95			252 78 78 69			122	0	0	1.00		
// 3AM 
	6 19 33 			194 185 181 			255 255 255 			0 9 9 			1 24 32 			0 0 0 			0 0 0 			0.8		0.3		0.5			200 100 0			1150.0		-22.0		0.8			54 24 6			23 28 30			28 52 66 240			252 105 105 105			252 68 68 62			122	0	0	1.00		
// 4AM 
	4 18 33 			192 180 175 			255 255 255 			0 9 9 			1 24 32 			0 0 0 			0 0 0 			0.8		0.3		0.5			200 100 0			1150.0		-22.0		0.8			62 25 8			23 28 30			27 55 66 240			252 114 114 114			252 58 58 55			122	0	0	1.00		
// 5AM 
	3 18 33 			190 176 169 			255 255 255 			0 9 9 			1 24 32 			0 0 0 			0 0 0 			0.8		0.3		0.5			200 100 0			1150.0		-22.0		0.8			70 27 10			23 28 30			26 58 66 240			252 124 124 124			252 48 48 48			122	0	0	1.00		
// 6AM 
	12 22 22 			190 176 169 			255 255 255 			41 46 47 			31 36 37 			0 0 0 			0 0 0 			3.4		0.3		0.3			200 100 0			1150.0		-22.0		0.8			100 34 25			23 28 30			42 77 88 240			252 124 124 124			252 48 48 48			122	0	0	1.00		
// 7AM 
	12 22 21 			190 176 169 			255 255 255 			62 72 75 			62 72 75 			0 0 0 			0 0 0 			-0.1		0.3		0.1			200 50 0			1150.0		-22.0		0.5			120 40 40			46 58 61			52 77 88 240			252 124 124 124			252 48 48 48			122	0	0	1.00		
// 8AM 
	10 18 17 			189 178 171 			255 255 255 			74 86 90 			74 86 90 			0 0 0 			0 1 1 			0.3		0.3		0.1			176 40 24			1150.0		-22.0		0.5			120 52 52			55 69 73			61 86 95 240			252 124 124 124			252 48 48 48			122	0	0	1.00		
// 9AM 
	7 15 14 			189 180 174 			255 255 255 			87 101 105 			87 101 105 			0 0 0 			0 3 3 			0.8		0.3		0.1			152 30 48			1150.0		-22.0		0.3			120 64 64			64 81 85			70 96 102 240			252 124 124 124			252 48 48 48			122	0	0	1.00		
// 10AM 
	6 11 11 			188 183 177 			255 255 255 			99 115 120 			99 115 120 			0 0 0 			0 5 5 			1.1		0.3		0.1			128 20 72			1150.0		-22.0		0.3			120 76 76			73 92 98			79 105 110 240			252 124 124 124			252 48 48 48			122	0	0	1.00		
// 11AM 
	3 8 8 			188 185 180 			255 255 255 			112 130 135 			112 130 135 			0 0 0 			0 7 7 			1.6		0.3		0.3			104 9 96			1150.0		-22.0		0.3			120 88 88			82 104 110			88 115 117 240			252 124 124 124			252 48 48 48			122	0	0	1.00		
// Midday 
//	Amb					Amb_Obj 				Dir 					Sky top				Sky bot				SunCore			SunCorona			SunSz		SprSz	SprBght		Shdw			LightShd			PoleShd			FarClp			FogSt			LightOnGround			LowCloudsRGB			BottomCloudRGB			WaterRGBA			Alpha1    RGB1			Alpha2    RGB2			CloudAlpha			IntensityLimit			WaterFogAlpha			DirMult 
	2 5 5 			188 188 183 			255 255 255 			125 145 151 			125 145 151 			0 0 0 			0 9 9 			1.9		0.3		0.3			80 0 120			1150.0		-22.0		0.3			120 100 100			92 116 123			97 125 125 240			252 124 124 124			252 48 48 48			122	0	0	1.00		
// 1PM 
	1 5 5 			188 186 181 			255 255 255 			116 134 140 			116 134 140 			0 0 0 			0 7 7 			2.0		0.3		0.3			80 0 102			1150.0		-22.0		0.3			120 100 100			85 107 114			97 125 126 240			252 124 124 124			252 48 48 48			122	0	0	1.00		
// 2PM 
	1 5 5 			188 184 179 			255 255 255 			107 124 129 			107 124 129 			0 0 0 			0 6 6 			2.4		0.3		0.3			80 0 85			1150.0		-22.0		0.3			120 100 100			78 99 105			98 125 127 240			252 124 124 124			252 48 48 48			122	0	0	1.00		
// 3PM 
	1 5 5 			188 182 177 			255 255 255 			98 113 118 			98 113 118 			0 0 0 			0 5 5 			2.5		0.3		0.3			80 0 68			1150.0		-22.0		0.5			120 100 100			72 91 96			99 126 128 240			252 123 123 123			252 48 48 48			122	0	0	1.00		
// 4PM 
	0 5 5 			189 181 175 			255 255 255 			89 103 107 			89 103 107 			0 0 0 			0 3 3 			2.9		0.3		0.3			80 0 51			1150.0		-22.0		0.6			120 100 100			65 82 87			99 126 130 240			252 124 124 124			252 48 48 48			122	0	0	1.00		
// 5PM 
	0 5 5 			189 179 173 			255 255 255 			80 92 96 			80 92 96 			0 0 0 			0 2 2 			3.0		0.3		0.3			80 0 34			1150.0		-22.0		0.7			120 100 100			59 74 78			100 127 131 240			252 124 124 124			252 48 48 48			122	0	0	1.00		
// 6PM 
	0 5 5 			189 177 171 			255 255 255 			71 82 85 			71 82 85 			0 0 0 			0 1 1 			3.3		0.3		0.3			80 0 17			1150.0		-22.0		0.7			120 100 100			52 66 69			101 127 132 240			252 124 124 124			252 48 48 48			122	0	0	1.00		
// 7PM 
	0 5 5 			190 176 169 			255 255 255 			62 72 75 			62 72 75 			0 0 0 			0 0 0 			3.5		0.3		0.3			80 0 0			1150.0		-22.0		0.8			120 100 100			46 58 61			102 128 134 240			252 124 124 124			252 48 48 48			122	0	0	1.00		
// 8PM 
	7 5 22 			190 176 169 			255 255 255 			36 36 40 			31 36 44 			0 0 0 			0 0 0 			1.9		0.1		0.8			80 50 0			1150.0		-22.0		0.8			120 100 100			46 58 61			105 126 134 240			252 124 124 124			252 48 48 48			122	0	0	1.00		
// 9PM 
	6 13 27 			190 176 169 			255 255 255 			21 22 24 			16 30 38 			0 0 0 			0 0 0 			1.4		0.1		0.8			140 75 0			1150.0		-22.0		0.8			95 63 55			34 43 45			73 101 104 240			252 124 124 124			252 48 48 48			122	0	0	1.00		
// 10PM 
	5 22 33 			190 176 169 			255 255 255 			7 9 9 			1 24 32 			0 0 0 			0 0 0 			0.8		0.1		0.8			200 100 0			1150.0		-22.0		0.8			70 27 10			23 28 30			41 77 74 240			252 124 124 124			252 48 48 48			122	0	0	1.00		
// 11PM 
	8 22 34 			195 188 184 			255 255 255 			3 9 9 			1 24 32 			0 0 0 			0 0 0 			0.8		0.3		0.7			200 100 0			1150.0		-22.0		0.8			50 23 5			23 28 30			36 60 70 240			252 100 100 100			252 73 73 65			122	0	0	1.00		
//
///////////////////////////////////////////RAINY_COUNTRYSIDE 
//
// Midnight 
//	Amb					Amb_Obj 				Dir 					Sky top				Sky bot				SunCore			SunCorona			SunSz		SprSz	SprBght		Shdw			LightShd			PoleShd			FarClp			FogSt			LightOnGround			LowCloudsRGB			BottomCloudRGB			WaterRGBA			Alpha1    RGB1			Alpha2    RGB2			CloudAlpha			IntensityLimit			WaterFogAlpha			DirMult 
	21 21 39 			135 173 197 			255 255 255 			40 40 40 			50 50 50 			0 0 0 			0 0 0 			0.8		0.8		0.6			200 100 0			650.0		155.0		0.8			30 20 0			0 0 0			58 115 150 240			252 38 64 98			252 0 64 20			90	55	0	1.00		
// 1AM 
	23 23 37 			135 173 197 			255 255 255 			42 42 42 			50 50 50 			0 0 0 			0 0 0 			0.8		0.8		0.6			200 100 0			650.0		125.0		0.8			38 21 2			0 0 0			58 105 135 240			252 49 64 89			252 4 64 22			90	68	0	1.00		
// 2AM 
	25 25 35 			135 173 197 			255 255 255 			44 44 44 			50 50 50 			0 0 0 			0 0 0 			0.8		0.8		0.6			200 100 0			650.0		95.0		0.8			46 22 4			0 0 0			58 96 120 240			252 60 64 80			252 8 64 25			90	81	0	1.00		
// 3AM 
	27 27 34 			135 173 197 			255 255 255 			46 46 46 			50 50 50 			0 0 0 			0 0 0 			0.8		0.8		0.7			200 100 0			650.0		65.0		0.8			54 24 6			0 0 0			58 86 106 240			252 71 65 72			252 13 65 27			90	94	0	1.00		
// 4AM 
	29 29 32 			135 173 197 			255 255 255 			48 48 48 			50 50 50 			0 0 0 			0 0 0 			0.8		0.8		0.7			200 100 0			650.0		35.0		0.8			62 25 8			0 0 0			58 77 91 240			252 82 65 63			252 17 65 30			90	107	0	1.00		
// 5AM 
	31 31 31 			135 173 197 			255 255 255 			50 50 50 			50 50 50 			0 0 0 			0 0 0 			0.8		0.8		0.7			200 100 0			650.0		5.0		0.8			70 27 10			0 0 0			59 68 77 240			252 94 66 55			252 22 66 33			90	120	0	1.00		
// 6AM 
	31 31 31 			135 173 197 			255 255 255 			39 50 50 			60 60 60 			0 0 0 			0 0 0 			3.4		0.8		0.3			200 100 0			650.0		161.0		0.8			100 34 25			0 0 0			62 72 77 240			252 88 89 110			252 0 64 20			90	120	100	1.00		
// 7AM 
	21 21 21 			135 173 197 			255 255 255 			69 69 69 			79 79 79 			0 0 0 			0 0 0 			-0.1		0.7		0.5			80 80 0			650.0		5.0		0.8			120 40 40			0 0 0			107 117 122 240			252 80 61 81			252 14 61 20			90	120	0	1.00		
// 8AM 
	21 21 21 			145 175 194 			255 255 255 			71 71 71 			77 77 77 			0 0 0 			0 0 0 			0.1		0.7		0.5			80 74 24			650.0		5.0		0.8			120 52 52			0 0 0			113 121 125 240			252 77 62 78			252 22 59 27			90	120	0	1.00		
// 9AM 
	21 21 21 			155 178 192 			255 255 255 			73 73 73 			75 75 75 			0 0 0 			0 0 0 			0.3		0.6		0.6			80 68 48			650.0		5.0		0.8			120 64 64			0 0 0			120 126 129 240			252 75 64 76			252 30 58 34			90	120	0	1.00		
// 10AM 
	21 21 21 			165 180 190 			255 255 255 			75 75 75 			73 73 73 			0 0 0 			0 0 0 			0.6		0.6		0.6			80 62 72			650.0		5.0		0.7			120 76 76			0 0 0			127 131 132 240			252 73 65 73			252 38 57 41			90	120	0	1.00		
// 11AM 
	21 21 21 			175 183 188 			255 255 255 			77 77 77 			71 71 71 			0 0 0 			0 0 0 			0.8		0.5		0.7			80 56 96			650.0		5.0		0.7			120 88 88			0 0 0			134 136 136 240			252 71 67 71			252 46 56 48			90	120	0	1.00		
// Midday 
//	Amb					Amb_Obj 				Dir 					Sky top				Sky bot				SunCore			SunCorona			SunSz		SprSz	SprBght		Shdw			LightShd			PoleShd			FarClp			FogSt			LightOnGround			LowCloudsRGB			BottomCloudRGB			WaterRGBA			Alpha1    RGB1			Alpha2    RGB2			CloudAlpha			IntensityLimit			WaterFogAlpha			DirMult 
	21 21 21 			186 186 186 			255 255 255 			80 80 80 			70 70 70 			0 0 0 			0 0 0 			0.8		0.5		0.7			80 50 120			650.0		5.0		0.7			120 100 100			0 0 0			141 141 140 240			252 69 69 69			252 55 55 55			90	120	0	1.00		
// 1PM 
	21 21 21 			178 184 187 			255 255 255 			80 80 80 			70 70 70 			0 0 0 			0 0 0 			1.4		0.5		0.7			80 50 102			650.0		5.0		0.7			120 91 91			0 0 0			137 140 140 240			252 67 72 71			252 52 53 50			90	120	0	1.00		
// 2PM 
	21 21 21 			171 182 188 			255 255 255 			80 80 80 			70 70 70 			0 0 0 			0 0 0 			1.6		0.6		0.7			80 50 85			650.0		5.0		0.8			120 82 82			0 0 0			133 139 141 240			252 66 75 73			252 50 51 45			90	120	0	1.00		
// 3PM 
	21 21 21 			164 180 189 			255 255 255 			80 80 80 			70 70 70 			0 0 0 			0 0 0 			1.9		0.6		0.7			80 50 68			650.0		5.0		0.8			120 74 74			0 0 0			130 138 141 240			252 65 78 75			252 47 49 40			90	120	0	1.00		
// 4PM 
	21 21 21 			156 178 190 			255 255 255 			80 80 80 			70 70 70 			0 0 0 			0 0 0 			2.4		0.7		0.8			80 50 51			650.0		5.0		0.8			120 65 65			0 0 0			126 137 142 240			252 63 81 78			252 45 47 36			90	120	0	1.00		
// 5PM 
	21 21 21 			149 176 191 			255 255 255 			80 80 80 			70 70 70 			0 0 0 			0 0 0 			2.8		0.7		0.8			80 50 34			650.0		5.0		0.8			120 57 57			0 0 0			123 136 142 240			252 62 84 80			252 42 45 31			90	120	0	1.00		
// 6PM 
	21 21 21 			142 174 192 			255 255 255 			80 80 80 			70 70 70 			0 0 0 			0 0 0 			3.0		0.8		0.8			80 50 17			650.0		5.0		0.8			120 48 48			0 0 0			119 135 143 240			252 61 87 82			252 40 43 26			90	120	0	1.00		
// 7PM 
	21 21 21 			135 173 193 			255 255 255 			80 80 80 			70 70 70 			0 0 0 			0 0 0 			3.5		0.8		0.8			80 50 0			650.0		5.0		0.8			120 40 40			0 0 0			116 135 144 240			252 60 90 85			252 38 42 22			90	120	0	1.00		
// 8PM 
	22 22 22 			167 198 223 			255 255 255 			40 40 40 			70 70 70 			0 0 0 			0 0 0 			1.9		1.9		0.8			80 80 0			650.0		123.0		0.8			120 40 40			0 0 0			132 176 189 240			252 54 71 94			252 0 55 20			90	55	0	1.00		
// 9PM 
	26 26 30 			167 198 223 			255 255 255 			40 40 40 			60 60 60 			0 0 0 			0 0 0 			1.4		0.8		0.6			140 90 0			650.0		155.0		0.8			95 33 25			0 0 0			106 140 166 240			252 38 64 98			252 0 55 20			90	87	0	1.00		
// 10PM 
	31 31 39 			167 198 223 			255 255 255 			40 40 40 			50 50 50 			0 0 0 			0 0 0 			0.8		0.1		0.5			200 100 0			650.0		188.0		0.8			70 27 10			0 0 0			80 105 144 240			252 38 64 98			252 0 55 20			90	120	0	1.00		
// 11PM 
	26 26 39 			151 185 210 			255 255 255 			40 40 40 			50 50 50 			0 0 0 			0 0 0 			0.8		0.6		0.6			200 100 0			650.0		171.0		0.8			50 23 5			0 0 0			69 110 147 240			252 38 64 98			252 0 59 20			90	87	0	1.00		
//
///////////////////////////////////////////EXTRASUNNY_DESERT 
//
// Midnight 
//	Amb					Amb_Obj 				Dir 					Sky top				Sky bot				SunCore			SunCorona			SunSz		SprSz	SprBght		Shdw			LightShd			PoleShd			FarClp			FogSt			LightOnGround			LowCloudsRGB			BottomCloudRGB			WaterRGBA			Alpha1    RGB1			Alpha2    RGB2			CloudAlpha			IntensityLimit			WaterFogAlpha			DirMult 
	5 5 11 			163 163 163 			255 255 255 			17 17 34 			44 24 53 			255 255 0 			5 0 0 			0.8		0.3		0.8			200 100 0			1500.0		100.0		0.8			30 20 0			3 3 3			38 38 55 240			252 84 109 141			252 34 17 77			0	0	0	1.00		
// 1AM 
	5 5 11 			166 163 163 			255 255 255 			2 0 25 			52 10 62 			255 229 0 			55 0 0 			0.8		0.5		0.8			190 100 0			1500.0		100.0		0.8			38 21 2			12 11 9			41 42 57 240			252 92 105 139			252 34 17 64			0	0	0	1.00		
// 2AM 
	5 5 12 			169 163 163 			255 255 255 			4 0 24 			59 20 61 			255 204 0 			105 0 0 			0.6		0.5		0.8			180 100 0			1500.0		100.0		0.8			46 22 4			21 19 16			44 47 60 240			252 100 102 137			252 34 17 51			0	0	0	1.00		
// 3AM 
	5 5 13 			173 163 163 			255 255 255 			6 0 23 			66 30 60 			255 178 0 			155 0 0 			0.3		0.6		0.7			170 100 0			1500.0		100.0		0.8			54 24 6			31 27 22			47 52 62 240			252 108 99 135			252 34 17 39			0	0	0	1.00		
// 4AM 
	5 5 14 			176 163 163 			255 255 255 			8 0 22 			73 40 59 			255 153 0 			205 0 0 			0.1		0.6		0.6			160 100 0			1500.0		100.0		0.8			62 25 8			40 35 29			50 57 65 240			252 116 96 133			252 34 17 26			0	0	0	1.00		
// 5AM 
	5 5 15 			180 163 163 			255 255 255 			8 9 36 			80 50 58 			255 128 0 			255 0 0 			-0.1		0.7		0.5			150 100 0			1500.0		100.0		0.8			70 27 10			50 43 36			53 62 68 240			252 124 93 131			252 34 17 14			0	0	0	1.00		
// 6AM 
	5 5 22 			188 188 188 			255 255 255 			88 124 244 			200 144 85 			255 128 0 			155 155 155 			8.3		0.8		0.1			140 100 0			1500.0		100.0		0.8			100 34 25			120 92 88			159 138 120 240			252 88 88 88			252 144 77 0			0	69	0	1.00		
// 7AM 
	10 10 10 			188 188 188 			255 255 255 			210 231 200 			250 218 143 			255 128 0 			155 155 155 			3.8		0.8		0.1			100 50 0			1500.0		100.0		0.5			120 40 40			159 142 106			145 170 170 240			252 64 64 56			252 113 55 0			0	188	0	1.00		
// 8AM 
	8 8 8 			188 188 188 			255 255 255 			214 231 206 			250 205 146 			255 128 0 			175 149 124 			3.5		0.8		0.1			110 40 30			1500.0		102.0		0.6			120 52 52			163 164 135			141 170 164 240			252 66 66 58			252 114 57 0			0	174	0	1.00		
// 9AM 
	6 6 6 			188 188 188 			255 255 255 			219 231 213 			250 193 149 			255 128 0 			195 144 93 			3.3		0.8		0.1			120 30 60			1500.0		104.0		0.7			120 64 64			167 187 165			137 170 158 240			252 69 69 60			252 115 60 0			0	161	0	1.00		
// 10AM 
	4 4 4 			188 188 188 			255 255 255 			223 231 219 			250 180 152 			255 128 0 			215 138 62 			3.0		0.8		0.1			130 20 90			1500.0		106.0		0.8			120 76 76			171 209 195			133 170 152 240			252 71 71 62			252 117 63 0			0	148	0	1.00		
// 11AM 
	1 1 1 			188 188 188 			255 255 255 			228 231 226 			250 168 155 			255 128 0 			235 133 30 			2.8		0.8		-0.1			140 9 120			1500.0		108.0		0.8			120 88 88			175 232 225			129 170 146 240			252 74 74 64			252 118 66 0			0	135	0	1.00		
// Midday 
//	Amb					Amb_Obj 				Dir 					Sky top				Sky bot				SunCore			SunCorona			SunSz		SprSz	SprBght		Shdw			LightShd			PoleShd			FarClp			FogSt			LightOnGround			LowCloudsRGB			BottomCloudRGB			WaterRGBA			Alpha1    RGB1			Alpha2    RGB2			CloudAlpha			IntensityLimit			WaterFogAlpha			DirMult 
	0 0 0 			188 188 188 			255 255 255 			233 231 233 			250 156 158 			255 128 0 			255 128 0 			2.5		0.8		-0.1			150 0 150			1500.0		111.0		0.8			120 100 100			180 255 255			126 170 140 240			252 77 77 66			252 120 69 0			0	122	0	1.00		
// 1PM 
	0 0 0 			184 184 184 			255 255 255 			229 231 228 			250 164 155 			255 128 0 			255 109 0 			3.0		0.8		0.1			144 5 128			1500.0		96.0		0.8			120 91 91			182 236 232			127 161 132 240			252 78 78 67			252 116 62 0			0	131	0	1.00		
// 2PM 
	0 0 0 			180 180 180 			255 255 255 			226 231 223 			250 173 153 			255 128 0 			255 91 0 			3.9		0.8		0.1			138 11 107			1500.0		82.0		0.8			120 82 82			185 217 209			129 153 124 240			252 80 80 69			252 112 55 0			0	140	0	1.00		
// 3PM 
	0 0 0 			177 177 177 			255 255 255 			223 231 218 			250 182 151 			254 128 0 			254 73 0 			4.5		0.8		0.3			132 17 85			1500.0		67.0		0.8			120 74 74			188 198 186			131 145 117 240			252 81 81 70			252 108 47 0			0	150	0	1.00		
// 4PM 
	0 0 0 			173 173 173 			255 255 255 			219 231 214 			250 191 149 			255 128 0 			255 54 0 			5.3		0.8		0.3			127 22 64			1500.0		53.0		0.8			120 65 65			191 179 164			133 136 109 240			252 83 83 72			252 104 41 0			0	159	0	1.00		
// 5PM 
	0 0 0 			170 170 170 			255 255 255 			216 231 209 			250 200 147 			255 128 0 			255 36 0 			6.0		0.8		0.3			121 28 42			1500.0		38.0		0.8			120 57 57			194 160 141			135 128 102 240			252 84 84 73			252 100 34 0			0	169	0	1.00		
// 6PM 
	0 0 0 			166 166 166 			255 255 255 			213 231 204 			250 209 145 			255 128 0 			255 18 0 			6.8		0.8		0.5			115 34 21			1500.0		24.0		0.8			120 48 48			197 141 118			137 120 94 240			252 86 86 75			252 96 27 0			0	178	0	1.00		
// 7PM 
	0 0 0 			163 163 163 			255 255 255 			210 231 200 			250 218 143 			255 128 0 			255 0 0 			7.5		0.8		0.6			110 40 0			1500.0		10.0		0.8			120 40 40			200 123 96			139 112 87 240			252 88 88 77			252 92 20 0			0	188	0	1.00		
// 8PM 
	0 0 0 			163 163 163 			255 255 255 			80 68 43 			83 72 45 			255 128 0 			155 0 0 			1.9		0.8		0.3			100 60 0			1500.0		10.0		0.8			120 40 40			30 0 0			67 67 67 240			252 127 96 63			252 165 62 0			0	0	0	1.00		
// 9PM 
	2 2 5 			163 163 163 			255 255 255 			40 35 27 			67 36 45 			255 66 4 			80 4 0 			1.4		0.8		0.5			130 80 0			1500.0		10.0		0.8			95 33 25			15 0 0			67 67 64 240			252 105 102 93			252 99 39 38			0	0	0	1.00		
// 10PM 
	5 5 11 			163 163 163 			255 255 255 			15 19 30 			58 29 64 			255 5 8 			5 8 0 			0.8		0.5		0.6			160 100 0			1500.0		10.0		0.8			70 27 10			0 0 0			67 67 62 240			252 84 109 124			252 34 17 77			0	0	0	1.00		
// 11PM 
	5 5 11 			163 163 163 			255 255 255 			16 18 33 			46 23 54 			255 130 4 			5 4 0 			0.8		0.3		0.8			180 100 0			1500.0		55.0		0.8			50 23 5			1 1 1			52 52 58 240			252 84 109 132			252 48 37 75			0	0	0	1.00		
//
///////////////////////////////////////////SUNNY_DESERT 
//
// Midnight 
//	Amb					Amb_Obj 				Dir 					Sky top				Sky bot				SunCore			SunCorona			SunSz		SprSz	SprBght		Shdw			LightShd			PoleShd			FarClp			FogSt			LightOnGround			LowCloudsRGB			BottomCloudRGB			WaterRGBA			Alpha1    RGB1			Alpha2    RGB2			CloudAlpha			IntensityLimit			WaterFogAlpha			DirMult 
	10 10 20 			163 163 163 			255 255 255 			14 14 29 			52 26 64 			255 255 0 			5 0 0 			0.8		0.3		0.8			200 100 0			1500.0		100.0		0.8			30 20 0			3 3 3			38 38 55 240			252 84 109 141			252 34 17 77			55	0	0	1.00		
// 1AM 
	10 10 19 			166 163 163 			255 255 255 			14 13 27 			54 27 60 			255 229 0 			55 0 0 			0.8		0.5		0.8			190 100 0			1500.0		100.0		0.8			38 21 2			12 11 9			41 42 57 240			252 92 105 139			252 34 17 64			55	0	0	1.00		
// 2AM 
	10 10 18 			169 163 163 			255 255 255 			16 13 28 			54 26 55 			255 204 0 			105 0 0 			0.6		0.5		0.8			180 100 0			1500.0		100.0		0.8			46 22 4			21 19 16			44 47 60 240			252 100 102 137			252 34 17 51			55	0	0	1.00		
// 3AM 
	10 10 17 			173 163 163 			255 255 255 			17 13 29 			66 30 60 			255 178 0 			155 0 0 			0.3		0.6		0.7			170 100 0			1500.0		100.0		0.8			54 24 6			31 27 22			47 52 62 240			252 108 99 135			252 34 17 39			55	0	0	1.00		
// 4AM 
	10 10 16 			176 163 163 			255 255 255 			18 12 27 			73 40 59 			255 153 0 			205 0 0 			0.1		0.6		0.6			160 100 0			1500.0		100.0		0.8			62 25 8			40 35 29			50 57 65 240			252 116 96 133			252 34 17 26			55	0	0	1.00		
// 5AM 
	10 10 15 			180 163 163 			255 255 255 			0 2 21 			80 50 58 			255 128 0 			255 0 0 			-0.1		0.7		0.5			150 100 0			1500.0		100.0		0.8			70 27 10			50 43 36			53 62 68 240			252 124 93 131			252 34 17 14			55	0	0	1.00		
// 6AM 
	5 5 22 			188 188 188 			255 255 255 			89 122 255 			200 144 85 			255 128 0 			155 155 155 			8.3		0.8		0.1			140 100 0			1500.0		100.0		0.8			100 34 25			120 92 88			159 138 120 240			252 88 88 88			252 144 77 0			100	69	0	1.00		
// 7AM 
	0 0 0 			188 188 188 			255 255 255 			210 231 200 			250 218 143 			255 128 0 			155 155 155 			3.8		0.8		0.1			100 50 0			1500.0		100.0		0.5			120 40 40			159 142 106			145 170 170 240			252 64 64 56			252 113 55 0			55	188	0	1.00		
// 8AM 
	0 0 0 			188 188 188 			255 255 255 			214 231 206 			250 205 146 			255 128 0 			175 149 124 			3.5		0.8		0.1			110 40 30			1500.0		102.0		0.6			120 52 52			163 164 135			141 170 164 240			252 66 66 58			252 114 57 0			50	174	0	1.00		
// 9AM 
	0 0 0 			188 188 188 			255 255 255 			219 231 213 			250 193 149 			255 128 0 			195 144 93 			3.3		0.8		0.1			120 30 60			1500.0		104.0		0.7			120 64 64			167 187 165			137 170 158 240			252 69 69 60			252 115 60 0			46	161	0	1.00		
// 10AM 
	0 0 0 			188 188 188 			255 255 255 			223 231 219 			250 180 152 			255 128 0 			215 138 62 			3.0		0.8		0.1			130 20 90			1500.0		106.0		0.8			120 76 76			171 209 195			133 170 152 240			252 71 71 62			252 117 63 0			41	148	0	1.00		
// 11AM 
	0 0 0 			188 188 188 			255 255 255 			228 231 226 			250 168 155 			255 128 0 			235 133 30 			2.8		0.8		-0.1			140 9 120			1500.0		108.0		0.8			120 88 88			175 232 225			129 170 146 240			252 74 74 64			252 118 66 0			37	135	0	1.00		
// Midday 
//	Amb					Amb_Obj 				Dir 					Sky top				Sky bot				SunCore			SunCorona			SunSz		SprSz	SprBght		Shdw			LightShd			PoleShd			FarClp			FogSt			LightOnGround			LowCloudsRGB			BottomCloudRGB			WaterRGBA			Alpha1    RGB1			Alpha2    RGB2			CloudAlpha			IntensityLimit			WaterFogAlpha			DirMult 
	0 0 0 			188 188 188 			255 255 255 			233 231 233 			250 156 158 			255 128 0 			255 128 0 			2.5		0.8		-0.1			150 0 150			1500.0		111.0		0.8			120 100 100			180 255 255			126 170 140 240			252 77 77 66			252 120 69 0			33	122	0	1.00		
// 1PM 
	0 0 0 			184 184 184 			255 255 255 			229 231 228 			250 164 155 			255 128 0 			255 109 0 			3.0		0.8		0.1			144 5 128			1500.0		96.0		0.8			120 91 91			182 236 232			127 161 132 240			252 78 78 67			252 116 62 0			36	131	0	1.00		
// 2PM 
	0 0 0 			180 180 180 			255 255 255 			226 231 223 			250 173 153 			255 128 0 			255 91 0 			3.9		0.8		0.1			138 11 107			1500.0		82.0		0.8			120 82 82			185 217 209			129 153 124 240			252 80 80 69			252 112 55 0			39	140	0	1.00		
// 3PM 
	0 0 0 			177 177 177 			255 255 255 			223 231 218 			250 182 151 			254 128 0 			254 73 0 			4.5		0.8		0.3			132 17 85			1500.0		67.0		0.8			120 74 74			188 198 186			131 145 117 240			252 81 81 70			252 108 47 0			42	150	0	1.00		
// 4PM 
	0 0 0 			173 173 173 			255 255 255 			219 231 214 			250 191 149 			255 128 0 			255 54 0 			5.3		0.8		0.3			127 22 64			1500.0		53.0		0.8			120 65 65			191 179 164			133 136 109 240			252 83 83 72			252 104 41 0			45	159	0	1.00		
// 5PM 
	0 0 0 			170 170 170 			255 255 255 			216 231 209 			250 200 147 			255 128 0 			255 36 0 			6.0		0.8		0.3			121 28 42			1500.0		38.0		0.8			120 57 57			194 160 141			135 128 102 240			252 84 84 73			252 100 34 0			48	169	0	1.00		
// 6PM 
	0 0 0 			166 166 166 			255 255 255 			213 231 204 			250 209 145 			255 128 0 			255 18 0 			6.8		0.8		0.5			115 34 21			1500.0		24.0		0.8			120 48 48			197 141 118			137 120 94 240			252 86 86 75			252 96 27 0			51	178	0	1.00		
// 7PM 
	0 0 0 			163 163 163 			255 255 255 			210 231 200 			250 218 143 			255 128 0 			255 0 0 			7.5		0.8		0.6			110 40 0			1500.0		10.0		0.8			120 40 40			200 123 96			139 112 87 240			252 88 88 77			252 92 20 0			55	188	0	1.00		
// 8PM 
	0 0 0 			163 163 163 			255 255 255 			181 150 84 			167 108 65 			255 128 0 			155 0 0 			1.9		0.8		0.3			100 60 0			1500.0		10.0		0.8			120 40 40			30 0 0			67 67 67 240			252 81 85 40			252 66 27 0			53	0	0	1.00		
// 9PM 
	5 5 5 			163 163 163 			255 255 255 			93 80 56 			111 70 77 			255 66 4 			80 4 0 			1.4		0.8		0.5			130 80 0			1500.0		10.0		0.8			95 33 25			15 0 0			67 67 64 240			252 82 97 82			252 50 22 38			54	0	0	1.00		
// 10PM 
	10 10 10 			163 163 163 			255 255 255 			8 15 36 			61 26 67 			255 5 8 			5 8 0 			0.8		0.5		0.6			160 100 0			1500.0		10.0		0.8			70 27 10			0 0 0			67 67 62 240			252 84 109 124			252 47 37 72			55	0	0	1.00		
// 11PM 
	10 10 15 			163 163 163 			255 255 255 			14 16 29 			57 30 66 			255 130 4 			5 4 0 			0.8		0.3		0.8			180 100 0			1500.0		55.0		0.8			50 23 5			1 1 1			52 52 58 240			252 84 109 132			252 34 17 77			55	0	0	1.00		
//
///////////////////////////////////////////SANDSTORM_DESERT 
//
// Midnight 
//	Amb					Amb_Obj 				Dir 					Sky top				Sky bot				SunCore			SunCorona			SunSz		SprSz	SprBght		Shdw			LightShd			PoleShd			FarClp			FogSt			LightOnGround			LowCloudsRGB			BottomCloudRGB			WaterRGBA			Alpha1    RGB1			Alpha2    RGB2			CloudAlpha			IntensityLimit			WaterFogAlpha			DirMult 
	21 21 21 			137 137 137 			255 255 255 			55 55 55 			55 55 55 			255 255 0 			5 0 0 			0.8		0.8		0.8			50 100 0			150.0		-111.0		0.8			30 20 0			3 3 3			38 38 55 240			252 64 64 64			252 56 38 0			0	12	0	1.00		
// 1AM 
	21 21 21 			137 137 137 			255 255 255 			65 64 60 			65 64 60 			255 229 0 			55 0 0 			0.8		0.8		0.8			50 100 0			150.0		-111.0		0.8			38 21 2			12 11 9			41 42 57 240			252 64 64 64			252 56 38 0			0	12	0	1.00		
// 2AM 
	21 21 21 			137 137 137 			255 255 255 			75 73 65 			75 73 65 			255 204 0 			105 0 0 			0.6		0.8		0.8			50 100 0			150.0		-111.0		0.8			46 22 4			21 19 16			44 47 60 240			252 64 64 64			252 56 38 0			0	12	0	1.00		
// 3AM 
	21 21 21 			137 137 137 			255 255 255 			85 83 71 			85 83 71 			255 178 0 			155 0 0 			0.3		0.8		0.8			50 100 0			150.0		-111.0		0.8			54 24 6			31 27 22			47 52 62 240			252 64 64 64			252 56 38 0			0	12	0	1.00		
// 4AM 
	21 21 21 			137 137 137 			255 255 255 			95 92 76 			95 92 76 			255 153 0 			205 0 0 			0.1		0.8		0.8			50 100 0			150.0		-111.0		0.8			62 25 8			40 35 29			50 57 65 240			252 64 64 64			252 56 38 0			0	12	0	1.00		
// 5AM 
	21 21 21 			137 137 137 			255 255 255 			105 102 82 			105 102 82 			96 79 63 			98 69 69 			-0.1		0.8		0.8			50 100 0			150.0		-111.0		0.8			70 27 10			50 43 36			53 62 68 240			252 64 64 64			252 56 38 0			0	12	0	1.00		
// 6AM 
	21 21 21 			137 137 137 			255 255 255 			112 109 89 			112 109 89 			61 52 42 			84 67 50 			8.3		0.8		-0.1			50 100 0			150.0		-111.0		0.8			100 34 25			120 92 88			185 160 160 192			252 64 64 64			252 56 32 0			0	12	0	1.00		
// 7AM 
	21 21 21 			137 137 137 			255 255 255 			120 117 96 			120 117 96 			0 0 0 			0 0 0 			-0.1		0.8		-0.1			50 50 0			150.0		-111.0		0.5			120 40 40			159 142 106			145 170 170 230			252 64 64 64			252 99 89 77			0	12	0	1.00		
// 8AM 
	19 19 19 			137 137 137 			255 255 255 			129 126 104 			129 126 104 			0 0 0 			0 0 0 			-0.1		0.8		-0.1			50 40 0			150.0		-111.0		0.6			120 52 52			163 164 135			125 154 154 232			252 64 60 57			252 99 91 77			0	18	0	1.00		
// 9AM 
	17 17 17 			137 137 137 			255 255 255 			138 135 113 			138 135 113 			0 0 0 			0 0 0 			-0.1		0.8		-0.1			50 30 0			150.0		-111.0		0.7			120 64 64			167 187 165			105 138 138 234			252 64 56 51			252 99 93 77			0	24	0	1.00		
// 10AM 
	15 15 15 			137 137 137 			255 255 255 			147 144 122 			147 144 122 			0 0 0 			0 0 0 			-0.1		0.8		-0.1			50 20 0			150.0		-111.0		0.8			120 76 76			171 209 195			85 122 122 236			252 64 52 45			252 99 95 77			0	31	0	1.00		
// 11AM 
	13 13 13 			137 137 137 			255 255 255 			156 153 131 			156 153 131 			0 0 0 			0 0 0 			-0.1		0.8		-0.1			50 9 0			150.0		-111.0		0.8			120 88 88			175 232 225			65 106 106 238			252 64 48 39			252 99 97 77			0	37	0	1.00		
// Midday 
//	Amb					Amb_Obj 				Dir 					Sky top				Sky bot				SunCore			SunCorona			SunSz		SprSz	SprBght		Shdw			LightShd			PoleShd			FarClp			FogSt			LightOnGround			LowCloudsRGB			BottomCloudRGB			WaterRGBA			Alpha1    RGB1			Alpha2    RGB2			CloudAlpha			IntensityLimit			WaterFogAlpha			DirMult 
	11 11 11 			137 137 137 			255 255 255 			166 163 140 			166 163 140 			0 0 0 			0 0 0 			-0.1		0.8		-0.1			50 0 0			150.0		-111.0		0.8			120 100 100			180 255 255			45 90 90 240			252 64 44 33			252 99 99 77			0	44	0	1.00		
// 1PM 
	12 12 12 			137 137 137 			255 255 255 			156 153 131 			156 153 131 			36 18 0 			36 0 0 			-0.1		0.8		0.1			50 5 0			150.0		-111.0		0.8			120 91 91			182 236 232			52 90 89 240			252 64 46 37			252 99 99 80			0	74	0	1.00		
// 2PM 
	13 13 13 			137 137 137 			255 255 255 			146 143 122 			146 143 122 			72 36 0 			72 0 0 			-0.1		0.8		0.3			50 11 0			150.0		-111.0		0.8			120 82 82			185 217 209			60 91 89 240			252 64 49 41			252 99 99 83			0	104	0	1.00		
// 3PM 
	15 15 15 			137 137 137 			255 255 255 			136 133 113 			136 133 113 			109 54 0 			109 0 0 			-0.1		0.8		0.3			50 17 0			150.0		-111.0		0.8			120 74 74			188 198 186			67 92 88 240			252 64 52 46			252 99 99 86			0	134	0	1.00		
// 4PM 
	16 16 16 			137 137 137 			255 255 255 			126 123 104 			126 123 104 			145 73 0 			145 0 0 			-0.1		0.8		0.6			50 22 0			150.0		-111.0		0.8			120 65 65			191 179 164			75 92 88 240			252 64 55 50			252 99 99 89			0	164	0	1.00		
// 5PM 
	18 18 18 			137 137 137 			255 255 255 			116 113 95 			116 113 95 			182 91 0 			182 0 0 			-0.1		0.8		0.7			50 28 0			150.0		-111.0		0.8			120 57 57			194 160 141			82 93 87 240			252 64 58 55			252 99 99 92			0	194	0	1.00		
// 6PM 
	19 19 19 			137 137 137 			255 255 255 			106 103 86 			106 103 86 			218 109 0 			218 0 0 			-0.1		0.8		0.8			50 34 0			150.0		-111.0		0.8			120 48 48			197 141 118			90 94 87 240			252 64 61 59			252 99 99 95			0	224	0	1.00		
// 7PM 
	21 21 21 			137 137 137 			255 255 255 			97 94 78 			97 94 78 			255 128 0 			255 0 0 			-0.1		0.8		0.8			50 40 0			150.0		-111.0		0.8			120 40 40			200 123 96			98 95 87 240			252 64 64 64			252 99 99 99			0	255	0	1.00		
// 8PM 
	21 21 21 			137 137 137 			255 255 255 			87 84 69 			87 84 69 			255 128 0 			155 0 0 			1.9		0.8		0.8			50 60 0			150.0		-111.0		0.8			120 40 40			0 0 0			67 67 67 240			252 64 64 64			252 56 38 0			0	255	0	1.00		
// 9PM 
	21 21 21 			137 146 85 			255 255 255 			71 69 62 			71 69 62 			255 66 4 			80 4 0 			1.4		0.8		0.8			50 80 0			150.0		-111.0		0.8			95 33 25			0 0 0			67 67 64 240			252 64 64 64			252 56 38 0			0	127	0	1.00		
// 10PM 
	21 21 21 			137 155 33 			255 255 255 			55 55 55 			55 55 55 			255 5 8 			5 8 0 			0.8		0.8		0.8			50 100 0			150.0		-111.0		0.8			70 27 10			0 0 0			67 67 62 240			252 64 64 64			252 56 38 0			0	0	0	1.00		
// 11PM 
	21 21 21 			137 146 85 			255 255 255 			55 55 55 			55 55 55 			255 130 4 			5 4 0 			0.8		0.8		0.8			50 100 0			150.0		-111.0		0.8			50 23 5			1 1 1			52 52 58 240			252 64 64 64			252 56 38 0			0	6	0	1.00		
//
///////////////////////////////////////////UNDERWATER 
//
// Midnight 
//	Amb					Amb_Obj 				Dir 					Sky top				Sky bot				SunCore			SunCorona			SunSz		SprSz	SprBght		Shdw			LightShd			PoleShd			FarClp			FogSt			LightOnGround			LowCloudsRGB			BottomCloudRGB			WaterRGBA			Alpha1    RGB1			Alpha2    RGB2			CloudAlpha			IntensityLimit			WaterFogAlpha			DirMult 
	21 21 21 			135 173 197 			255 255 255 			10 10 10 			20 20 20 			0 0 0 			0 0 0 			0.8		0.8		0.8			200 100 0			300.0		5.0		0.8			30 20 0			0 0 0			59 68 77 192			252 104 136 83			252 24 76 16			255	0	0	1.00		
// 1AM 
	21 21 21 			135 173 197 			255 255 255 			10 10 10 			20 20 20 			0 0 0 			0 0 0 			0.8		0.8		0.8			200 100 0			300.0		5.0		0.8			38 21 2			0 0 0			59 68 77 192			252 102 137 85			252 19 74 16			255	0	0	1.00		
// 2AM 
	21 21 21 			135 173 197 			255 255 255 			10 10 10 			20 20 20 			0 0 0 			0 0 0 			0.6		0.8		0.8			200 100 0			300.0		5.0		0.8			46 22 4			0 0 0			59 68 77 192			252 100 138 87			252 14 73 17			255	0	0	1.00		
// 3AM 
	21 21 21 			135 173 197 			255 255 255 			10 10 10 			20 20 20 			0 0 0 			0 0 0 			0.3		0.8		0.8			200 100 0			300.0		5.0		0.8			54 24 6			0 0 0			59 68 77 192			252 98 139 90			252 9 72 18			255	0	0	1.00		
// 4AM 
	21 21 21 			135 173 197 			255 255 255 			10 10 10 			20 20 20 			0 0 0 			0 0 0 			0.1		0.8		0.8			200 100 0			300.0		5.0		0.8			62 25 8			0 0 0			59 68 77 192			252 96 140 92			252 4 71 19			255	0	0	1.00		
// 5AM 
	21 21 21 			135 173 197 			255 255 255 			10 10 10 			20 20 20 			0 0 0 			0 0 0 			-0.1		0.8		0.8			200 100 0			300.0		5.0		0.8			70 27 10			0 0 0			59 68 77 192			252 94 141 95			252 0 70 20			255	0	0	1.00		
// 6AM 
	21 21 21 			135 173 197 			255 255 255 			10 10 10 			20 20 20 			0 0 0 			0 0 0 			3.4		0.8		0.8			200 100 0			300.0		5.0		0.8			100 34 25			0 0 0			62 72 77 192			252 124 174 110			252 0 64 20			255	0	100	1.00		
// 7AM 
	21 21 21 			135 173 197 			255 255 255 			40 40 40 			50 50 50 			0 0 0 			0 0 0 			2.5		0.7		0.8			80 80 0			300.0		5.0		0.8			120 40 40			0 0 0			107 117 122 192			252 124 153 104			252 0 48 20			255	0	0	1.00		
// 8AM 
	21 21 21 			145 175 194 			255 255 255 			48 48 48 			54 54 54 			0 0 0 			0 0 0 			2.0		0.7		0.8			80 74 24			300.0		5.0		0.8			120 52 52			0 0 0			113 121 125 204			252 124 151 105			252 0 48 20			255	0	0	1.00		
// 9AM 
	21 21 21 			155 178 192 			255 255 255 			56 56 56 			58 58 58 			0 0 0 			0 0 0 			1.9		0.6		0.8			80 68 48			300.0		5.0		0.8			120 64 64			0 0 0			120 126 129 217			252 124 149 106			252 0 49 21			255	0	0	1.00		
// 10AM 
	21 21 21 			165 180 190 			255 255 255 			64 64 64 			62 62 62 			0 0 0 			0 0 0 			1.6		0.6		0.7			80 62 72			300.0		5.0		0.7			120 76 76			0 0 0			127 131 132 229			252 124 147 107			252 0 49 22			255	0	0	1.00		
// 11AM 
	21 21 21 			175 183 188 			255 255 255 			72 72 72 			66 66 66 			0 0 0 			0 0 0 			1.3		0.5		0.7			80 56 96			300.0		5.0		0.7			120 88 88			0 0 0			134 136 136 242			252 124 145 108			252 0 50 23			255	0	0	1.00		
// Midday 
//	Amb					Amb_Obj 				Dir 					Sky top				Sky bot				SunCore			SunCorona			SunSz		SprSz	SprBght		Shdw			LightShd			PoleShd			FarClp			FogSt			LightOnGround			LowCloudsRGB			BottomCloudRGB			WaterRGBA			Alpha1    RGB1			Alpha2    RGB2			CloudAlpha			IntensityLimit			WaterFogAlpha			DirMult 
	21 21 21 			186 186 186 			255 255 255 			80 80 80 			70 70 70 			0 0 0 			0 0 0 			0.8		0.5		0.7			80 50 120			300.0		5.0		0.7			120 100 100			0 0 0			141 141 140 255			252 124 143 109			252 0 51 24			255	0	0	1.00		
// 1PM 
	21 21 21 			178 184 187 			255 255 255 			80 80 80 			70 70 70 			0 0 0 			0 0 0 			1.4		0.6		0.7			80 50 102			300.0		5.0		0.7			120 91 91			0 0 0			137 140 140 246			252 124 142 105			252 1 50 23			255	0	0	1.00		
// 2PM 
	21 21 21 			171 182 188 			255 255 255 			80 80 80 			70 70 70 			0 0 0 			0 0 0 			1.6		0.6		0.8			80 50 85			300.0		5.0		0.8			120 82 82			0 0 0			133 139 141 237			252 124 141 102			252 2 49 23			255	0	0	1.00		
// 3PM 
	21 21 21 			164 180 189 			255 255 255 			80 80 80 			70 70 70 			0 0 0 			0 0 0 			1.9		0.7		0.8			80 50 68			300.0		5.0		0.8			120 74 74			0 0 0			130 138 141 227			252 123 141 98			252 4 48 23			254	0	0	1.00		
// 4PM 
	21 21 21 			156 178 190 			255 255 255 			80 80 80 			70 70 70 			0 0 0 			0 0 0 			2.4		0.8		0.8			80 50 51			300.0		5.0		0.8			120 65 65			0 0 0			126 137 142 219			252 124 140 95			252 5 48 22			255	0	0	1.00		
// 5PM 
	21 21 21 			149 176 191 			255 255 255 			80 80 80 			70 70 70 			0 0 0 			0 0 0 			2.8		0.8		0.8			80 50 34			300.0		5.0		0.8			120 57 57			0 0 0			123 136 142 210			252 124 140 91			252 7 47 22			255	0	0	1.00		
// 6PM 
	21 21 21 			142 174 192 			255 255 255 			80 80 80 			70 70 70 			0 0 0 			0 0 0 			3.0		0.8		0.8			80 50 17			300.0		5.0		0.8			120 48 48			0 0 0			119 135 143 201			252 124 139 88			252 8 46 22			255	0	0	1.00		
// 7PM 
	21 21 21 			135 173 193 			255 255 255 			80 80 80 			70 70 70 			0 0 0 			0 0 0 			3.5		0.8		0.8			80 50 0			300.0		5.0		0.8			120 40 40			0 0 0			116 135 144 192			252 124 139 85			252 10 46 22			255	0	0	1.00		
// 8PM 
	21 21 21 			167 198 223 			255 255 255 			40 40 40 			70 70 70 			0 0 0 			0 0 0 			1.9		0.8		0.8			80 80 0			300.0		5.0		0.8			120 40 40			0 0 0			132 176 189 192			252 63 124 99			252 0 87 20			255	0	0	1.00		
// 9PM 
	21 21 21 			167 198 223 			255 255 255 			40 40 40 			60 60 60 			0 0 0 			0 0 0 			1.4		0.8		0.8			140 90 0			300.0		5.0		0.8			95 33 25			0 0 0			146 176 189 192			252 93 124 95			252 0 86 20			255	0	0	1.00		
// 10PM 
	21 21 21 			167 198 223 			255 255 255 			40 40 40 			50 50 50 			0 0 0 			0 0 0 			0.8		0.8		0.8			200 100 0			300.0		5.0		0.8			70 27 10			0 0 0			161 176 189 192			252 124 124 91			252 0 85 20			255	0	0	1.00		
// 11PM 
	21 21 21 			151 185 210 			255 255 255 			25 25 25 			35 35 35 			0 0 0 			0 0 0 			0.8		0.8		0.8			200 100 0			300.0		5.0		0.8			50 23 5			0 0 0			110 122 133 192			252 114 130 87			252 12 80 18			255	0	0	1.00		
//
///////////////////////////////////////////EXTRACOLOURS_1 
//
// Midnight 
//	Amb					Amb_Obj 				Dir 					Sky top				Sky bot				SunCore			SunCorona			SunSz		SprSz	SprBght		Shdw			LightShd			PoleShd			FarClp			FogSt			LightOnGround			LowCloudsRGB			BottomCloudRGB			WaterRGBA			Alpha1    RGB1			Alpha2    RGB2			CloudAlpha			IntensityLimit			WaterFogAlpha			DirMult 
	0 0 0 			166 166 166 			255 255 255 			255 255 255 			5 5 5 			255 255 0 			5 0 0 			0.8		0.8		0.8			200 100 0			400.0		100.0		0.8			30 20 0			3 3 3			85 85 65 192			252 64 64 41			252 64 64 64			0	0	0	0.00		
// 1AM 
	0 0 0 			121 122 122 			255 255 255 			1 1 1 			5 5 5 			255 255 0 			5 0 0 			0.8		0.3		0.8			200 100 0			400.0		100.0		0.8			30 20 0			3 3 3			65 85 65 147			252 64 64 43			252 73 69 64			0	0	0	1.00		
// 2AM 
	0 0 0 			50 50 50 			255 255 255 			255 255 255 			5 5 5 			255 255 0 			5 0 0 			0.8		0.8		0.8			200 100 0			400.0		100.0		0.8			30 20 0			3 3 3			85 85 65 192			252 64 64 64			252 64 64 64			0	0	0	1.00		
// 3AM 
	0 0 0 			180 180 180 			255 255 255 			1 1 1 			5 5 5 			255 255 0 			5 0 0 			0.8		0.8		0.8			200 100 0			400.0		100.0		0.8			30 20 0			3 3 3			85 85 65 192			252 64 64 46			252 65 64 64			0	0	0	1.00		
// 4AM 
	8 2 4 			22 22 22 			255 255 255 			255 255 255 			5 5 5 			255 255 0 			5 0 0 			0.8		0.8		0.8			200 100 0			400.0		100.0		0.8			30 20 0			3 3 3			85 85 65 192			252 87 64 85			252 64 33 33			0	0	0	0.00		
// 5AM 
	7 9 2 			54 55 55 			255 255 255 			255 255 255 			5 5 5 			255 255 0 			5 0 0 			0.8		0.8		0.8			200 100 0			400.0		100.0		0.8			30 20 0			3 3 3			85 85 65 192			252 44 64 87			252 99 99 99			0	0	0	1.00		
// 6AM 
	0 0 0 			20 20 20 			255 255 255 			255 255 255 			5 5 5 			255 255 0 			5 0 0 			0.8		0.8		0.8			200 100 0			400.0		100.0		0.8			30 20 0			3 3 3			85 85 65 192			252 64 64 64			252 64 146 64			0	0	0	1.00		
// 7AM 
	0 0 0 			20 20 20 			255 255 255 			255 255 255 			5 5 5 			255 255 0 			5 0 0 			0.8		0.3		0.5			200 100 0			400.0		100.0		0.8			30 20 0			3 3 3			85 85 65 192			252 64 64 64			252 96 92 64			0	0	0	1.00		
// 8AM 
	0 0 0 			99 99 99 			255 255 255 			255 255 255 			5 5 5 			255 255 0 			5 0 0 			0.8		0.8		0.8			200 100 0			400.0		100.0		0.8			30 20 0			3 3 3			85 85 65 192			252 61 53 30			252 64 64 64			0	0	0	1.00		
// 9AM 
	30 30 30 			20 20 20 			255 255 255 			255 255 255 			5 5 5 			255 255 0 			5 0 0 			0.8		0.8		0.8			200 100 0			400.0		100.0		0.8			30 20 0			3 3 3			85 85 65 192			252 64 64 64			252 64 73 80			0	0	0	1.00		
// 10AM 
	0 0 0 			20 20 20 			255 255 255 			255 255 255 			50 5 50 			255 255 0 			5 0 0 			0.8		0.8		0.8			200 100 0			78.0		50.0		0.8			30 20 0			3 3 3			85 85 65 192			252 64 16 64			252 64 64 64			0	0	0	1.00		
// 11AM 
	0 0 0 			133 133 133 			255 255 255 			255 255 255 			0 0 0 			0 0 0 			5 0 0 			0.8		0.8		0.8			200 0 0			400.0		100.0		0.8			30 20 0			3 3 3			85 85 65 192			0 64 64 64			252 64 64 64			0	0	0	0.00		
// Midday 
//	Amb					Amb_Obj 				Dir 					Sky top				Sky bot				SunCore			SunCorona			SunSz		SprSz	SprBght		Shdw			LightShd			PoleShd			FarClp			FogSt			LightOnGround			LowCloudsRGB			BottomCloudRGB			WaterRGBA			Alpha1    RGB1			Alpha2    RGB2			CloudAlpha			IntensityLimit			WaterFogAlpha			DirMult 
	0 0 0 			0 0 0 			255 255 255 			255 255 255 			0 0 0 			0 0 0 			5 0 0 			0.8		0.8		0.8			200 0 0			400.0		100.0		0.8			30 20 0			3 3 3			85 85 65 192			252 44 44 44			252 33 64 64			234	0	0	0.00		
// 1PM 
	0 0 0 			20 20 20 			255 255 255 			255 255 255 			5 5 5 			255 255 0 			5 0 0 			0.8		0.8		0.8			200 100 0			400.0		100.0		0.8			30 20 0			3 3 3			85 85 65 192			252 64 64 64			252 64 146 64			0	0	0	1.00		
// 2PM 
	0 0 0 			50 50 50 			255 255 255 			255 255 255 			5 5 5 			255 255 0 			5 0 0 			0.8		0.8		0.8			200 100 0			400.0		100.0		0.8			30 20 0			3 3 3			85 85 65 192			252 64 64 64			252 64 64 64			0	0	0	1.00		
// 3PM 
	0 0 0 			190 180 180 			255 255 255 			1 1 1 			5 5 5 			255 255 0 			5 0 0 			0.8		0.8		0.8			200 100 0			400.0		100.0		0.8			30 20 0			3 3 3			85 85 65 192			252 64 64 64			252 64 64 40			0	0	0	1.00		
// 4PM 
	0 0 0 			190 180 180 			255 255 255 			1 1 1 			5 5 5 			255 255 0 			5 0 0 			0.8		0.8		0.8			200 100 0			400.0		100.0		0.8			30 20 0			3 3 3			85 85 65 192			252 64 64 64			252 64 64 40			0	0	0	1.00		
// 5PM 
	0 0 0 			190 180 180 			255 255 255 			1 1 1 			5 5 5 			255 255 0 			5 0 0 			0.8		0.8		0.8			200 100 0			400.0		100.0		0.8			30 20 0			3 3 3			85 85 65 192			252 64 64 64			252 64 64 40			0	0	0	1.00		
// 6PM 
	0 0 0 			190 180 180 			255 255 255 			1 1 1 			5 5 5 			255 255 0 			5 0 0 			0.8		0.8		0.8			200 100 0			400.0		100.0		0.8			30 20 0			3 3 3			85 85 65 192			252 64 64 64			252 64 64 40			0	0	0	1.00		
// 7PM 
	0 0 0 			190 180 180 			255 255 255 			1 1 1 			5 5 5 			255 255 0 			5 0 0 			0.8		0.8		0.8			200 100 0			400.0		100.0		0.8			30 20 0			3 3 3			85 85 65 192			252 64 64 64			252 64 64 40			0	0	0	1.00		
// 8PM 
	0 0 0 			190 180 180 			255 255 255 			1 1 1 			5 5 5 			255 255 0 			5 0 0 			0.8		0.8		0.8			200 100 0			400.0		100.0		0.8			30 20 0			3 3 3			85 85 65 192			252 64 64 64			252 64 64 40			0	0	0	1.00		
// 9PM 
	0 0 0 			190 180 180 			255 255 255 			1 1 1 			5 5 5 			255 255 0 			5 0 0 			0.8		0.8		0.8			200 100 0			400.0		100.0		0.8			30 20 0			3 3 3			85 85 65 192			252 64 64 64			252 64 64 40			0	0	0	1.00		
// 10PM 
	0 0 0 			190 180 180 			255 255 255 			1 1 1 			5 5 5 			255 255 0 			5 0 0 			0.8		0.8		0.8			200 100 0			400.0		100.0		0.8			30 20 0			3 3 3			85 85 65 192			252 64 64 64			252 64 64 40			0	0	0	1.00		
// 11PM 
	0 0 0 			190 180 180 			255 255 255 			1 1 1 			5 5 5 			255 255 0 			5 0 0 			0.8		0.8		0.8			200 100 0			400.0		100.0		0.8			30 20 0			3 3 3			85 85 65 192			252 64 64 64			252 64 64 40			0	0	0	1.00		
//
///////////////////////////////////////////EXTRACOLOURS_2 
//
// Midnight 
//	Amb					Amb_Obj 				Dir 					Sky top				Sky bot				SunCore			SunCorona			SunSz		SprSz	SprBght		Shdw			LightShd			PoleShd			FarClp			FogSt			LightOnGround			LowCloudsRGB			BottomCloudRGB			WaterRGBA			Alpha1    RGB1			Alpha2    RGB2			CloudAlpha			IntensityLimit			WaterFogAlpha			DirMult 
	0 0 0 			190 180 180 			255 255 255 			1 1 1 			5 5 5 			255 255 0 			5 0 0 			0.8		0.8		0.8			200 100 0			400.0		100.0		0.8			30 20 0			3 3 3			85 85 65 192			252 64 64 64			252 64 64 40			0	0	0	1.00		
// 1AM 
	0 0 0 			190 180 180 			255 255 255 			1 1 1 			5 5 5 			255 255 0 			5 0 0 			0.8		0.8		0.8			200 100 0			400.0		100.0		0.8			30 20 0			3 3 3			85 85 65 192			252 64 64 64			252 64 64 40			0	0	0	1.00		
// 2AM 
	0 0 0 			190 180 180 			255 255 255 			1 1 1 			5 5 5 			255 255 0 			5 0 0 			0.8		0.8		0.8			200 100 0			400.0		100.0		0.8			30 20 0			3 3 3			85 85 65 192			252 64 64 64			252 64 64 40			0	0	0	1.00		
// 3AM 
	0 0 0 			190 180 180 			255 255 255 			1 1 1 			5 5 5 			255 255 0 			5 0 0 			0.8		0.8		0.8			200 100 0			400.0		100.0		0.8			30 20 0			3 3 3			85 85 65 192			252 64 64 64			252 64 64 40			0	0	0	1.00		
// 4AM 
	0 0 0 			190 180 180 			255 255 255 			1 1 1 			5 5 5 			255 255 0 			5 0 0 			0.8		0.8		0.8			200 100 0			400.0		100.0		0.8			30 20 0			3 3 3			85 85 65 192			252 64 64 64			252 64 64 40			0	0	0	1.00		
// 5AM 
	0 0 0 			190 180 180 			255 255 255 			1 1 1 			5 5 5 			255 255 0 			5 0 0 			0.8		0.8		0.8			200 100 0			400.0		100.0		0.8			30 20 0			3 3 3			85 85 65 192			252 64 64 64			252 64 64 40			0	0	0	1.00		
// 6AM 
	0 0 0 			190 180 180 			255 255 255 			1 1 1 			5 5 5 			255 255 0 			5 0 0 			0.8		0.8		0.8			200 100 0			400.0		100.0		0.8			30 20 0			3 3 3			85 85 65 192			252 64 64 64			252 64 64 40			0	0	0	1.00		
// 7AM 
	0 0 0 			190 180 180 			255 255 255 			1 1 1 			5 5 5 			255 255 0 			5 0 0 			0.8		0.8		0.8			200 100 0			400.0		100.0		0.8			30 20 0			3 3 3			85 85 65 192			252 64 64 64			252 64 64 40			0	0	0	1.00		
// 8AM 
	0 0 0 			190 180 180 			255 255 255 			1 1 1 			5 5 5 			255 255 0 			5 0 0 			0.8		0.8		0.8			200 100 0			400.0		100.0		0.8			30 20 0			3 3 3			85 85 65 192			252 64 64 64			252 64 64 40			0	0	0	1.00		
// 9AM 
	0 0 0 			190 180 180 			255 255 255 			1 1 1 			5 5 5 			255 255 0 			5 0 0 			0.8		0.8		0.8			200 100 0			400.0		100.0		0.8			30 20 0			3 3 3			85 85 65 192			252 64 64 64			252 64 64 40			0	0	0	1.00		
// 10AM 
	0 0 0 			190 180 180 			255 255 255 			1 1 1 			5 5 5 			255 255 0 			5 0 0 			0.8		0.8		0.8			200 100 0			400.0		100.0		0.8			30 20 0			3 3 3			85 85 65 192			252 64 64 64			252 64 64 40			0	0	0	1.00		
// 11AM 
	0 0 0 			190 180 180 			255 255 255 			1 1 1 			5 5 5 			255 255 0 			5 0 0 			0.8		0.8		0.8			200 100 0			400.0		100.0		0.8			30 20 0			3 3 3			85 85 65 192			252 64 64 64			252 64 64 40			0	0	0	1.00		
// Midday 
//	Amb					Amb_Obj 				Dir 					Sky top				Sky bot				SunCore			SunCorona			SunSz		SprSz	SprBght		Shdw			LightShd			PoleShd			FarClp			FogSt			LightOnGround			LowCloudsRGB			BottomCloudRGB			WaterRGBA			Alpha1    RGB1			Alpha2    RGB2			CloudAlpha			IntensityLimit			WaterFogAlpha			DirMult 
	0 0 0 			190 180 180 			255 255 255 			1 1 1 			5 5 5 			255 255 0 			5 0 0 			0.8		0.8		0.8			200 100 0			400.0		100.0		0.8			30 20 0			3 3 3			85 85 65 192			252 64 64 64			252 64 64 40			0	0	0	1.00		
// 1PM 
	0 0 0 			190 180 180 			255 255 255 			1 1 1 			5 5 5 			255 255 0 			5 0 0 			0.8		0.8		0.8			200 100 0			400.0		100.0		0.8			30 20 0			3 3 3			85 85 65 192			252 64 64 64			252 64 64 40			0	0	0	1.00		
// 2PM 
	0 0 0 			190 180 180 			255 255 255 			1 1 1 			5 5 5 			255 255 0 			5 0 0 			0.8		0.8		0.8			200 100 0			400.0		100.0		0.8			30 20 0			3 3 3			85 85 65 192			252 64 64 64			252 64 64 40			0	0	0	1.00		
// 3PM 
	0 0 0 			190 180 180 			255 255 255 			1 1 1 			5 5 5 			255 255 0 			5 0 0 			0.8		0.8		0.8			200 100 0			400.0		100.0		0.8			30 20 0			3 3 3			85 85 65 192			252 64 64 64			252 64 64 40			0	0	0	1.00		
// 4PM 
	0 0 0 			190 180 180 			255 255 255 			1 1 1 			5 5 5 			255 255 0 			5 0 0 			0.8		0.8		0.8			200 100 0			400.0		100.0		0.8			30 20 0			3 3 3			85 85 65 192			252 64 64 64			252 64 64 40			0	0	0	1.00		
// 5PM 
	0 0 0 			190 180 180 			255 255 255 			1 1 1 			5 5 5 			255 255 0 			5 0 0 			0.8		0.8		0.8			200 100 0			400.0		100.0		0.8			30 20 0			3 3 3			85 85 65 192			252 64 64 64			252 64 64 40			0	0	0	1.00		
// 6PM 
	0 0 0 			190 180 180 			255 255 255 			1 1 1 			5 5 5 			255 255 0 			5 0 0 			0.8		0.8		0.8			200 100 0			400.0		100.0		0.8			30 20 0			3 3 3			85 85 65 192			252 64 64 64			252 64 64 40			0	0	0	1.00		
// 7PM 
	0 0 0 			190 180 180 			255 255 255 			1 1 1 			5 5 5 			255 255 0 			5 0 0 			0.8		0.8		0.8			200 100 0			400.0		100.0		0.8			30 20 0			3 3 3			85 85 65 192			252 64 64 64			252 64 64 40			0	0	0	1.00		
// 8PM 
	0 0 0 			190 180 180 			255 255 255 			1 1 1 			5 5 5 			255 255 0 			5 0 0 			0.8		0.8		0.8			200 100 0			400.0		100.0		0.8			30 20 0			3 3 3			85 85 65 192			252 64 64 64			252 64 64 40			0	0	0	1.00		
// 9PM 
	0 0 0 			190 180 180 			255 255 255 			1 1 1 			5 5 5 			255 255 0 			5 0 0 			0.8		0.8		0.8			200 100 0			400.0		100.0		0.8			30 20 0			3 3 3			85 85 65 192			252 64 64 64			252 64 64 40			0	0	0	1.00		
// 10PM 
	0 0 0 			190 180 180 			255 255 255 			1 1 1 			5 5 5 			255 255 0 			5 0 0 			0.8		0.8		0.8			200 100 0			400.0		100.0		0.8			30 20 0			3 3 3			85 85 65 192			252 64 64 64			252 64 64 40			0	0	0	1.00		
// 11PM 
	0 0 0 			190 180 180 			255 255 255 			1 1 1 			5 5 5 			255 255 0 			5 0 0 			0.8		0.8		0.8			200 100 0			400.0		100.0		0.8			30 20 0			3 3 3			85 85 65 192			252 64 64 64			252 64 64 40			0	0	0	1.00		
